rxn,v_plain,v_canon
DM_4crsol_c,3.4711412738932814e-05,3.471141251593281e-05
DM_5drib_c,3.502272580598823e-05,3.502272563266763e-05
DM_aacald_c,-0.0,-0.0
DM_amob_c,3.1131311873482346e-07,3.113131167348234e-07
DM_mththf_c,6.973413859660046e-05,6.973413814860045e-05
DM_oxam_c,-0.0,-0.0
BIOMASS_Ec_iJO1366_WT_53p95M,0.0,0.0
BIOMASS_Ec_iJO1366_core_53p95M,0.1556565593674117,0.1556565583674117
EX_12ppd__R_e,0.0,0.0
EX_12ppd__S_e,0.0,0.0
EX_14glucan_e,0.0,0.0
EX_15dap_e,-0.0,-0.0
EX_23camp_e,0.0,0.0
EX_23ccmp_e,0.0,0.0
EX_23cgmp_e,0.0,0.0
EX_23cump_e,0.0,0.0
EX_23dappa_e,-0.0,-0.0
EX_26dap__M_e,-0.0,-0.0
EX_2ddglcn_e,-0.0,0.0
EX_34dhpac_e,-0.0,-0.0
EX_3amp_e,0.0,0.0
EX_3cmp_e,0.0,0.0
EX_3gmp_e,0.0,0.0
EX_3hcinnm_e,-0.0,-0.0
EX_3hpp_e,-0.0,-0.0
EX_3hpppn_e,-0.0,-0.0
EX_3ump_e,0.0,0.0
EX_4abut_e,0.0,0.0
EX_4hoxpacd_e,-0.0,-0.0
EX_5dglcn_e,0.0,0.0
EX_5mtr_e,-0.0,-0.0
EX_LalaDglu_e,-0.0,-0.0
EX_LalaDgluMdap_e,0.0,0.0
EX_LalaDgluMdapDala_e,0.0,0.0
EX_LalaLglu_e,-0.0,-0.0
EX_ac_e,0.0,0.09068177514745324
EX_acac_e,-0.0,-0.0
EX_acald_e,0.0,0.0
EX_acgal_e,-0.0,-0.0
EX_acgal1p_e,-0.0,0.0
EX_acgam_e,-0.0,0.0
EX_acgam1p_e,-0.0,0.0
EX_acmana_e,-0.0,-0.0
EX_acmum_e,-0.0,-0.0
EX_acnam_e,-0.0,-0.0
EX_acolipa_e,-0.0,-0.0
EX_acser_e,-0.0,-0.0
EX_ade_e,0.0,0.0
EX_adn_e,0.0,0.0
EX_adocbl_e,-0.0,-0.0
EX_ag_e,0.0,0.0
EX_agm_e,0.0,0.0
EX_akg_e,0.0,0.0
EX_ala_B_e,-0.0,-0.0
EX_ala__D_e,0.0,0.0
EX_ala__L_e,0.0,0.0
EX_alaala_e,0.0,0.0
EX_all__D_e,-0.0,-0.0
EX_alltn_e,0.0,0.0
EX_amp_e,-0.0,-0.0
EX_anhgm_e,0.0,0.0
EX_arab__L_e,-0.0,0.0
EX_arbt_e,0.0,0.0
EX_arbtn_e,-0.0,-0.0
EX_arbtn_fe3_e,0.0,0.0
EX_arg__L_e,0.0,0.0
EX_ascb__L_e,-0.0,-0.0
EX_asn__L_e,0.0,0.0
EX_aso3_e,0.0,0.0
EX_asp__L_e,0.0,0.0
EX_btn_e,-0.0,-0.0
EX_but_e,-0.0,0.0
EX_butso3_e,-0.0,-0.0
EX_ca2_e,-0.0008101923915546649,-0.000810192386302378
EX_cbi_e,0.0,0.0
EX_cbl1_e,-0.0,-0.0
EX_cd2_e,-0.0,0.0
EX_cgly_e,-0.0,0.0
EX_chol_e,-0.0,-0.0
EX_chtbs_e,-0.0,-0.0
EX_cit_e,0.0,0.0
EX_cl_e,-0.000810192391507378,-0.000810192386302378
EX_cm_e,0.0,0.0
EX_cmp_e,-0.0,-0.0
EX_co2_e,5.262140107214161,3.7462490762380587
EX_cobalt2_e,-3.891413984185293e-06,-3.891413959185293e-06
EX_colipa_e,-0.0,-0.0
EX_colipap_e,-0.0,-0.0
EX_cpgn_e,0.0,0.0
EX_cpgn_un_e,-0.0,-0.0
EX_crn_e,-0.0,0.0
EX_crn__D_e,-0.0,0.0
EX_csn_e,-0.0,-0.0
EX_cu_e,-0.0,0.0
EX_cu2_e,-0.0001103605005914949,-0.00011036049988249487
EX_cyan_e,-0.0,-0.0
EX_cynt_e,-0.0,-0.0
EX_cys__D_e,-0.0,-0.0
EX_cys__L_e,0.0,0.0
EX_cytd_e,0.0,0.0
EX_dad_2_e,-0.0,0.0
EX_damp_e,-0.0,-0.0
EX_dca_e,-0.0,-0.0
EX_dcmp_e,0.0,0.0
EX_dcyt_e,0.0,0.0
EX_ddca_e,-0.0,-0.0
EX_dgmp_e,0.0,0.0
EX_dgsn_e,0.0,0.0
EX_dha_e,0.0,0.0
EX_dimp_e,0.0,0.0
EX_din_e,0.0,0.0
EX_dms_e,-0.0,-0.0
EX_dmso_e,0.0,0.0
EX_dopa_e,0.0,0.0
EX_doxrbcn_e,0.0,0.0
EX_dtmp_e,-0.0,-0.0
EX_dump_e,0.0,0.0
EX_duri_e,0.0,0.0
EX_eca4colipa_e,-0.0,-0.0
EX_enlipa_e,-0.0,-0.0
EX_enter_e,-0.0,-0.0
EX_etha_e,0.0,0.0
EX_ethso3_e,-0.0,-0.0
EX_etoh_e,0.0,0.0
EX_f6p_e,-0.0,-0.0
EX_fald_e,-0.0,-0.0
EX_fe2_e,-0.0025,-0.0024999999839389994
EX_fe3_e,0.0,0.0
EX_fe3dcit_e,-0.0,-0.0
EX_fe3dhbzs_e,-0.0,-0.0
EX_fe3hox_e,0.0,0.0
EX_fe3hox_un_e,-0.0,-0.0
EX_fecrm_e,0.0,0.0
EX_fecrm_un_e,-0.0,-0.0
EX_feenter_e,0.0,0.0
EX_feoxam_e,0.0,0.0
EX_feoxam_un_e,-0.0,-0.0
EX_for_e,0.0,0.0
EX_fru_e,0.0,0.0
EX_frulys_e,-0.0,-0.0
EX_fruur_e,0.0,0.0
EX_fuc__L_e,-0.0,-0.0
EX_fum_e,0.0,0.0
EX_fusa_e,0.0,0.0
EX_g1p_e,-0.0,0.0
EX_g3pc_e,0.0,0.0
EX_g3pe_e,0.0,0.0
EX_g3pg_e,0.0,0.0
EX_g3pi_e,-0.0,-0.0
EX_g3ps_e,0.0,0.0
EX_g6p_e,-0.0,-0.0
EX_gal_e,0.0,0.0
EX_gal_bD_e,-0.0,-0.0
EX_gal1p_e,-0.0,0.0
EX_galct__D_e,-0.0,-0.0
EX_galctn__D_e,-0.0,-0.0
EX_galctn__L_e,-0.0,-0.0
EX_galt_e,-0.0,-0.0
EX_galur_e,0.0,0.0
EX_gam_e,-0.0,-0.0
EX_gam6p_e,-0.0,-0.0
EX_gbbtn_e,0.0,0.0
EX_gdp_e,-0.0,-0.0
EX_glc__D_e,-10.0,-1.7195105196383353
EX_glcn_e,0.0,0.0
EX_glcr_e,-0.0,-0.0
EX_glcur_e,0.0,-0.0
EX_glcur1p_e,-0.0,0.0
EX_gln__L_e,0.0,0.0
EX_glu__L_e,0.0,0.0
EX_gly_e,0.0,0.0
EX_glyald_e,0.0,0.0
EX_glyb_e,0.0,0.0
EX_glyc_e,0.0,0.0
EX_glyc__R_e,0.0,0.0
EX_glyc2p_e,0.0,0.0
EX_glyc3p_e,0.0,0.0
EX_glyclt_e,0.0,0.0
EX_gmp_e,0.0,0.0
EX_gsn_e,0.0,0.0
EX_gthox_e,0.0,0.0
EX_gthrd_e,0.0,0.0
EX_gtp_e,0.0,0.0
EX_gua_e,0.0,0.0
EX_h_e,9.48827680653153,1.5208903457487666
EX_h2_e,0.0,0.0
EX_h2o_e,9.372993105162907,7.857102047773624
EX_h2o2_e,-0.0,-0.0
EX_h2s_e,0.0,0.0
EX_hacolipa_e,-0.0,-0.0
EX_halipa_e,-0.0,-0.0
EX_hdca_e,0.0,0.0
EX_hdcea_e,-0.0,-0.0
EX_hg2_e,0.0,0.0
EX_his__L_e,0.0,0.0
EX_hom__L_e,-0.0,-0.0
EX_hxa_e,0.0,0.0
EX_hxan_e,0.0,0.0
EX_idon__L_e,8.05806822673958,0.0
EX_ile__L_e,0.0,0.0
EX_imp_e,-0.0,-0.0
EX_indole_e,0.0,0.0
EX_inost_e,-0.0,-0.0
EX_ins_e,0.0,0.0
EX_isetac_e,-0.0,-0.0
EX_k_e,-0.030383070792603196,-0.030383070597410196
EX_kdo2lipid4_e,0.0,0.0
EX_lac__D_e,0.0,0.0
EX_lac__L_e,0.0,0.0
EX_lcts_e,0.0,0.0
EX_leu__L_e,0.0,0.0
EX_lipa_e,-0.0,-0.0
EX_lipa_cold_e,-0.0,-0.0
EX_lipoate_e,-0.0,-0.0
EX_lys__L_e,0.0,0.0
EX_lyx__L_e,-0.0,-0.0
EX_mal__D_e,-0.0,-0.0
EX_mal__L_e,0.0,0.0
EX_malt_e,-0.0,-0.0
EX_malthx_e,-0.0,-0.0
EX_maltpt_e,-0.0,-0.0
EX_malttr_e,-0.0,-0.0
EX_maltttr_e,-0.0,-0.0
EX_man_e,-0.0,-0.0
EX_man6p_e,-0.0,-0.0
EX_manglyc_e,-0.0,-0.0
EX_melib_e,-0.0,0.0
EX_meoh_e,3.1131311873482346e-07,3.113131167348234e-07
EX_met__D_e,0.0,0.0
EX_met__L_e,-0.0,-0.0
EX_metsox_R__L_e,-0.0,-0.0
EX_metsox_S__L_e,-0.0,-0.0
EX_mg2_e,-0.0013503206525122967,-0.0013503206438372968
EX_mincyc_e,0.0,0.0
EX_minohp_e,-0.0,-0.0
EX_mmet_e,-0.0,-0.0
EX_mn2_e,-0.00010755868252288149,-0.0001075586818318815
EX_mnl_e,-0.0,-0.0
EX_mobd_e,-2.0079696158396112e-05,-2.007969602939611e-05
EX_mso3_e,-0.0,-0.0
EX_n2o_e,-0.0,-0.0
EX_na1_e,-0.0,-0.0
EX_nac_e,-0.0,-0.0
EX_nh4_e,-1.6812191021743321,-1.6812190913721414
EX_ni2_e,-5.027706867567398e-05,-5.0277068352673985e-05
EX_nmn_e,0.0,0.0
EX_no_e,0.0,0.0
EX_no2_e,0.0,0.0
EX_no3_e,0.0,0.0
EX_novbcn_e,0.0,0.0
EX_o16a4colipa_e,-0.0,-0.0
EX_o2_e,-8.95901775461122,-3.4140926123984894
EX_o2s_e,-0.0,-0.0
EX_ocdca_e,-0.0,-0.0
EX_ocdcea_e,-0.0,-0.0
EX_octa_e,-0.0,-0.0
EX_orn_e,0.0,0.0
EX_orot_e,-0.0,-0.0
EX_pacald_e,-0.0,0.0
EX_peamn_e,-0.0,-0.0
EX_phe__L_e,0.0,0.0
EX_pheme_e,-0.0,-0.0
EX_pi_e,-0.1501511425192992,-0.15015114155451703
EX_pnto__R_e,-0.0,-0.0
EX_ppa_e,-0.0,-0.0
EX_ppal_e,-0.0,-0.0
EX_pppn_e,-0.0,-0.0
EX_ppt_e,-0.0,-0.0
EX_pro__L_e,0.0,0.0
EX_progly_e,-0.0,-0.0
EX_psclys_e,-0.0,-0.0
EX_pser__L_e,-0.0,-0.0
EX_ptrc_e,0.0,0.0
EX_pydam_e,-0.0,-0.0
EX_pydx_e,-0.0,-0.0
EX_pydxn_e,-0.0,-0.0
EX_pyr_e,0.0,0.0
EX_quin_e,0.0,0.0
EX_r5p_e,0.0,0.0
EX_rfamp_e,0.0,0.0
EX_rib__D_e,0.0,0.0
EX_rmn_e,-0.0,-0.0
EX_sbt__D_e,-0.0,-0.0
EX_sel_e,-0.0,-0.0
EX_ser__D_e,-0.0,-0.0
EX_ser__L_e,0.0,0.0
EX_skm_e,-0.0,-0.0
EX_slnt_e,-0.0,-0.0
EX_so2_e,0.0,0.0
EX_so3_e,-0.0,-0.0
EX_so4_e,-0.03925814083805478,-0.039258140585844904
EX_spmd_e,-0.0,0.0
EX_succ_e,0.0,0.0
EX_sucr_e,-0.0,-0.0
EX_sulfac_e,-0.0,-0.0
EX_tartr__D_e,0.0,0.0
EX_tartr__L_e,-0.0,-0.0
EX_taur_e,0.0,0.0
EX_tcynt_e,-0.0,-0.0
EX_thm_e,-0.0,-0.0
EX_thr__L_e,0.0,0.0
EX_thrp_e,-0.0,-0.0
EX_thym_e,-0.0,-0.0
EX_thymd_e,0.0,0.0
EX_tma_e,-0.0,-0.0
EX_tmao_e,0.0,0.0
EX_tre_e,0.0,0.0
EX_trp__L_e,0.0,0.0
EX_tsul_e,0.0,0.0
EX_ttdca_e,-0.0,-0.0
EX_ttdcea_e,-0.0,-0.0
EX_ttrcyc_e,0.0,0.0
EX_tungs_e,0.0,0.0
EX_tym_e,0.0,0.0
EX_tyr__L_e,0.0,0.0
EX_tyrp_e,-0.0,-0.0
EX_uacgam_e,0.0,0.0
EX_udpacgal_e,0.0,0.0
EX_udpg_e,0.0,0.0
EX_udpgal_e,0.0,0.0
EX_udpglcur_e,0.0,0.0
EX_ump_e,0.0,0.0
EX_ura_e,0.0,0.0
EX_urea_e,-0.0,-0.0
EX_uri_e,0.0,0.0
EX_val__L_e,0.0,0.0
EX_xan_e,0.0,0.0
EX_xmp_e,-0.0,-0.0
EX_xtsn_e,0.0,0.0
EX_xyl__D_e,0.0,0.0
EX_xylu__L_e,-0.0,-0.0
EX_zn2_e,-5.3078886744287396e-05,-5.3078886403287395e-05
12DGR120tipp,-0.0,-0.0
12DGR140tipp,-0.0,-0.0
12DGR141tipp,-0.0,-0.0
12DGR160tipp,-0.0,-0.0
12DGR161tipp,-0.0,-0.0
12DGR180tipp,-0.0,-0.0
12DGR181tipp,-0.0,-0.0
12PPDRtex,-0.0,-0.0
12PPDRtpp,-0.0,-0.0
12PPDStex,-0.0,-0.0
12PPDStpp,-0.0,-0.0
14GLUCANabcpp,0.0,-0.0
14GLUCANtexi,-0.0,-0.0
23CAMPtex,-0.0,-0.0
23CCMPtex,-0.0,-0.0
23CGMPtex,-0.0,-0.0
23CUMPtex,-0.0,-0.0
23DAPPAt2pp,-0.0,-0.0
23DAPPAtex,-0.0,-0.0
23PDE2pp,-0.0,-0.0
23PDE4pp,-0.0,-0.0
23PDE7pp,-0.0,-0.0
23PDE9pp,-0.0,-0.0
26DAHtex,-0.0,-0.0
2AGPA120tipp,-0.0,-0.0
2AGPA140tipp,-0.0,-0.0
2AGPA141tipp,-0.0,-0.0
2AGPA160tipp,-0.0,-0.0
2AGPA161tipp,-0.0,-0.0
2AGPA180tipp,-0.0,-0.0
2AGPA181tipp,-0.0,-0.0
2AGPE120tipp,-0.0,-0.0
2AGPE140tipp,-0.0,-0.0
2AGPE141tipp,-0.0,-0.0
2AGPE160tipp,-0.0,-0.0
2AGPE161tipp,-0.0,-0.0
2AGPE180tipp,-0.0,-0.0
2AGPE181tipp,-0.0,-0.0
2AGPEAT120,0.0,0.0
2AGPEAT140,0.0,0.0
2AGPEAT141,-0.0,0.0
2AGPEAT160,0.0,0.0
2AGPEAT161,0.0,0.0
2AGPEAT180,0.0,0.0
2AGPEAT181,0.0,0.0
2AGPG120tipp,-0.0,-0.0
2AGPG140tipp,-0.0,-0.0
2AGPG141tipp,-0.0,-0.0
2AGPG160tipp,-0.0,-0.0
2AGPG161tipp,-0.0,-0.0
2AGPG180tipp,-0.0,-0.0
2AGPG181tipp,-0.0,-0.0
2AGPGAT120,0.0,0.0
2AGPGAT140,0.0,0.0
2AGPGAT141,0.0,0.0
2AGPGAT160,0.0,0.0
2AGPGAT161,0.0,0.0
2AGPGAT180,0.0,0.0
2AGPGAT181,0.0,0.0
2DGULRGx,0.0,0.0
2DGULRGy,0.0,0.0
2DGULRx,0.0,-0.0
2DGULRy,0.0,0.0
2MAHMP,0.0,0.0
34dhpactex,-0.0,-0.0
3AMACHYD,-0.0,-0.0
3AMPtex,-0.0,-0.0
3CMPtex,-0.0,-0.0
3GMPtex,-0.0,-0.0
3HAD100,-0.0,-0.0
3HAD120,-0.0,-0.0
3HAD121,-0.0,-0.0
3HAD140,-0.0,-0.0
3HAD141,-0.0,-0.0
3HAD160,-0.0,-0.0
3HAD161,-0.0,-0.0
3HAD180,-0.0,-0.0
3HAD181,-0.0,-0.0
3HAD40,-0.0,0.0
3HAD60,-0.0,-0.0
3HAD80,-0.0,-0.0
3HCINNMH,0.0,-0.0
3HPPPNH,0.0,0.0
3HPPtex,-0.0,-0.0
3HPPtpp,-0.0,-0.0
3KGK,0.0,0.0
3NTD2pp,0.0,-0.0
3NTD4pp,0.0,-0.0
3NTD7pp,0.0,-0.0
3NTD9pp,0.0,-0.0
3OAR100,-0.0,-0.0
3OAR120,-0.0,-0.0
3OAR121,-0.0,-0.0
3OAR140,0.01211381607620945,0.012113815998385449
3OAR141,-0.0,-0.0
3OAR160,-0.0,-0.0
3OAR161,-0.0,-0.0
3OAR180,-0.0,-0.0
3OAR181,-0.0,-0.0
3OAR40,-0.0,-0.0
3OAR60,-0.0,-0.0
3OAR80,-0.0,-0.0
3OAS100,-0.0,-0.0
3OAS120,-0.0,-0.0
3OAS121,-0.0,-0.0
3OAS140,0.01211381607620945,0.012113815998385449
3OAS141,-0.0,-0.0
3OAS160,-0.0,-0.0
3OAS161,-0.0,-0.0
3OAS180,-0.0,-0.0
3OAS181,-0.0,-0.0
3OAS60,-0.0,-0.0
3OAS80,-0.0,-0.0
3OXCOAT,-0.0,-0.0
3PEPTabcpp,-0.0,-0.0
3PEPTtex,-0.0,-0.0
3UMPtex,-0.0,-0.0
42A12BOOXpp,-0.0,-0.0
4HOXPACDtex,-0.0,-0.0
4HTHRS,0.0,0.0
4PCP,-0.0,0.0
4PCPpp,0.0,0.0
4PEPTabcpp,-0.0,-0.0
4PEPTtex,-0.0,-0.0
5DGLCNR,-8.05806822673958,-0.0
5DGLCNt2rpp,-0.0,-0.0
5DGLCNtex,-0.0,-0.0
5DOAN,3.502272580598823e-05,3.502272563266763e-05
5MTRtex,-0.0,-0.0
5MTRtpp,-0.0,-0.0
A5PISO,0.006056908038104725,0.006056907999192724
AACPS1,-0.0,-0.0
AACPS2,-0.0,-0.0
AACPS3,0.01986613535894402,0.019866135231316022
AACPS4,0.023415104912521013,0.02341510476209301
AACPS5,-0.0,-0.0
AACPS6,-0.0,-0.0
AACPS7,0.01211381607620945,0.012113815998385449
AACPS8,-0.0,-0.0
AACPS9,0.0,-0.0
AACTOOR,1.0806713936861359,0.0
AADDGT,-0.0,-0.0
AAMYL,-0.0,-0.0
AAMYLpp,0.0,0.0
AB6PGH,-0.0,-0.0
ABTA,0.0,-0.0
ABUTD,0.0,-0.0
ABUTt2pp,0.0,0.0
ABUTtex,-0.0,-0.0
ACACCT,0.0,0.0
ACACT1r,0.05539505634767448,0.055395055991794485
ACACT2r,0.05539505634767448,0.055395055991794485
ACACT3r,0.05539505634767448,0.055395055991794485
ACACT4r,0.05539505634767448,0.055395055991794485
ACACT5r,0.05539505634767448,0.055395055991794485
ACACT6r,0.04328124027146503,0.043281239993409035
ACACT7r,0.04328124027146503,0.043281239993409035
ACACT8r,-0.0,-0.0
ACACt2pp,-0.0,-0.0
ACACtex,-0.0,-0.0
ACALD,-0.0,-0.0
ACALDtex,-0.0,-0.0
ACALDtpp,-0.0,-0.0
ACANTHAT,0.0,0.0
ACBIPGT,-0.0,-0.0
ACCOAC,0.012114750015565655,0.012114749937735654
ACCOAL,0.0,0.0
ACGAL1PPpp,0.0,-0.0
ACGAL1Ptex,-0.0,-0.0
ACGALtex,-0.0,-0.0
ACGAM1PPpp,0.0,-0.0
ACGAM1Ptex,-0.0,-0.0
ACGAMK,-0.0,-0.0
ACGAMT,-0.0,-0.0
ACGAptspp,0.0,-0.0
ACGAtex,-0.0,-0.0
ACGK,0.08045062573936865,0.046041964712613445
ACGS,0.08045062573936865,0.046041964712613445
ACHBS,0.04522274453645475,0.045222744245925754
ACKr,2.787411634019718,-0.0
ACLS,0.13608570450158758,0.13608570362731867
ACM6PH,-0.0,-0.0
ACMAMUT,-0.0,-0.0
ACMANAptspp,0.0,-0.0
ACMANAtex,-0.0,-0.0
ACMUMptspp,0.0,-0.0
ACMUMtex,-0.0,-0.0
ACNAMt2pp,-0.0,-0.0
ACNAMtex,-0.0,-0.0
ACNML,-0.0,-0.0
ACOAD1f,-0.05539505634767448,-0.055395055991794485
ACOAD2f,-0.05539505634767448,-0.055395055991794485
ACOAD3f,-0.05539505634767448,-0.055395055991794485
ACOAD4f,-0.05539505634767448,-0.055395055991794485
ACOAD5f,-0.05539505634767448,-0.055395055991794485
ACOAD6f,-0.04328124027146503,-0.043281239993409035
ACOAD7f,-0.01986613535894402,-0.019866135231316022
ACOAD8f,-0.0,-0.0
ACOATA,-0.0,-0.0
ACODA,0.04604196500840545,0.046041964712613445
ACOLIPAabctex,-0.0,-0.0
ACONIs,-0.0,-0.0
ACONMT,0.0,0.0
ACONTa,0.6280041715956942,0.9849268020904933
ACONTb,0.6280041715956942,0.9849268020904933
ACOTA,-0.04604196500840545,-0.046041964712613445
ACPPAT120,-0.0,0.0
ACPPAT140,-0.0,0.0
ACPPAT141,-0.0,0.0
ACPPAT160,0.00993306767947201,0.0
ACPPAT161,0.011707552456260505,0.0
ACPPAT180,-0.0,0.0
ACPPAT181,-0.0,0.0
ACPS1,0.0,0.0
ACS,0.0,0.0
ACSERtex,-0.0,-0.0
ACSERtpp,0.0,0.0
ACt2rpp,-1000.0,-0.09068177514745324
ACt4pp,1000.0,0.0
ACtex,-0.0,-0.09068177514745324
ADA,0.0,0.0
ADCL,0.00010413423821679924,0.00010413423754780052
ADCS,0.00010413423821679924,0.00010413423754780052
ADD,-0.0,0.0
ADEt2rpp,-0.0,-0.0
ADEtex,-0.0,-0.0
ADK1,0.4086974659114083,0.4085927064217964
ADK3,-1000.0,-0.0
ADK4,-0.0,-0.0
ADMDC,-0.0,-0.0
ADNCYC,-0.0,-0.0
ADNK1,0.0001047568644542681,0.00010475686378126808
ADNUC,0.0,0.0
ADNt2pp_copy1,0.0,0.0
ADNt2pp_copy2,-0.0,-0.0
ADNtex,-0.0,-0.0
ADOCBIK,0.0,0.0
ADOCBLS,-0.0,-0.0
ADOCBLabcpp,0.0,0.0
ADOCBLtonex,-0.0,-0.0
ADPRDP,-0.0,-0.0
ADPT,0.0,0.0
ADSK,0.03858290268351895,0.03858290243564707
ADSL1r,0.04654707054388543,0.04654707024451573
ADSL2r,0.06973647344528153,0.069736472996976
ADSS,0.04654707054388543,0.04654707024451573
AGDC,-0.0,-0.0
AGM3PA,-0.0,-0.0
AGM3PApp,0.0,0.0
AGM3PH,0.0,0.0
AGM3Pt2pp,-0.0,-0.0
AGM4PA,-0.0,-0.0
AGM4PApp,-0.0,0.0
AGM4PCP,0.0,0.0
AGM4PCPpp,0.0,0.0
AGM4PH,-0.0,-0.0
AGM4Pt2pp,-0.0,-0.0
AGMH,-0.0,-0.0
AGMHE,-0.0,-0.0
AGMT,-0.0,-0.0
AGMt2pp,0.0,-0.0
AGMtex,-0.0,-0.0
AGPAT120,-0.0,-0.0
AGPAT140,-0.0,-0.0
AGPAT141,-0.0,-0.0
AGPAT160,0.00993306767947201,0.009933067615658011
AGPAT161,0.011707552456260505,0.011707552381046505
AGPAT180,-0.0,-0.0
AGPAT181,0.0,-0.0
AGPR,-0.08045062573936865,-0.046041964712613445
AGt3,0.0,0.0
AHCYSNS,6.973413859660046e-05,6.973413814860045e-05
AICART,0.08448306456663138,0.08448306402358785
AIRC2,0.06973647344528153,0.069736472996976
AIRC3,-0.06973647344528153,-0.069736472996976
AKGDH,0.0,0.817566115786319
AKGt2rpp,-0.0,-0.0
AKGtex,-0.0,-0.0
ALAALAD,0.0,0.0
ALAALAabcpp,-0.0,-0.0
ALAALAr,0.004325384471701637,0.004325384443913637
ALAALAtex,-0.0,-0.0
ALAGLUE,-0.0,-0.0
ALAR,0.34673619326318406,0.006488076665870455
ALATA_D2,0.0,0.0
ALATA_L,999.5033920677417,-0.09049187414624497
ALATA_L2,-0.0,0.0
ALATRS,0.0,0.0
ALAabcpp,0.0,0.0
ALAt2pp_copy1,0.0,0.0
ALAt2pp_copy2,-0.0,-0.0
ALAt4pp,0.0,-0.0
ALAtex,-0.0,-0.0
ALCD19,-0.0,-0.0
ALCD2x,-0.0,-0.0
ALDD19xr,-0.0,-0.0
ALDD2x,0.0,0.0
ALDD2y,0.0,0.0
ALDD3y,0.0,-0.0
ALDD4,-0.0,-0.0
ALLK,-0.0,-0.0
ALLPI,-0.0,-0.0
ALLTAMH,-0.0,-0.0
ALLTN,-0.0,-0.0
ALLTNt2rpp,-0.0,-0.0
ALLTNtex,-0.0,-0.0
ALLULPE,-0.0,-0.0
ALLabcpp,0.0,0.0
ALLtex,-0.0,-0.0
ALPATE160pp,-0.0,-0.0
ALPATG160pp,0.0,0.0
ALR2,-0.0,-0.0
ALR4x,0.0,0.0
ALTRH,-0.0,-0.0
AM3PA,-0.0,-0.0
AM4PA,0.0,0.0
AM4PCP,0.0,0.0
AMALT1,0.0,0.0
AMALT2,0.0,-0.0
AMALT3,0.0,0.0
AMALT4,0.0,-0.0
AMANAPEr,-0.0,-0.0
AMANK,0.0,-0.0
AMAOTr,3.1131311873482346e-07,3.113131167348234e-07
AMMQLT8,0.0,0.0
AMPMS2,3.4711412738932814e-05,3.471141251593281e-05
AMPN,0.0,0.0
AMPTASECG,-0.0,-0.0
AMPTASEPG,-0.0,-0.0
AMPtex,-0.0,-0.0
ANHGMtex,-0.0,-0.0
ANHMK,-0.0,-0.0
ANPRT,0.008847985804121784,0.008847985747278783
ANS,0.008847985804121784,0.008847985747278783
AOBUTDs,1.0806713936861359,-0.0
AOXSr2,3.1131311873482346e-07,3.113131167348234e-07
AP4AH,-0.0,-0.0
AP4AS,0.0,0.0
AP5AH,0.0,-0.0
APCS,0.0,0.0
APG3PAT120,0.0,0.0
APG3PAT140,0.0,0.0
APG3PAT141,-0.0,0.0
APG3PAT160,0.00993306767947201,-0.0
APG3PAT161,0.011707552456260505,-0.0
APG3PAT180,0.0,-0.0
APG3PAT181,-0.0,-0.0
APH120,0.0,-0.0
APH140,0.0,-0.0
APH141,0.0,-0.0
APH160,0.0,0.0
APH161,0.0,0.0
APH180,0.0,-0.0
APH181,0.0,-0.0
APPLDHr,-0.0,-0.0
APRAUR,6.942282547785201e-05,6.942282503186371e-05
ARAI,-0.0,-0.0
ARBTNR1,0.0,0.0
ARBTNR2,-0.0,-0.0
ARBTNR3,0.0,-0.0
ARBTNabcpp,-0.0,-0.0
ARBTNexs,-0.0,-0.0
ARBTNtex,-0.0,-0.0
ARBTNtonex,-0.0,-0.0
ARBTNtpp,0.0,0.0
ARBTptspp,0.0,-0.0
ARBTtex,0.0,0.0
ARBabcpp,0.0,0.0
ARBt2rpp,-0.0,-0.0
ARBt3ipp,0.0,0.0
ARBtex,-0.0,-0.0
ARGAGMt7pp,-0.0,-0.0
ARGDC,0.0,0.0
ARGDCpp,0.0,0.0
ARGORNt7pp,-0.0,-0.0
ARGSL,0.04604196500840545,0.046041964712613445
ARGSS,0.04604196500840545,0.046041964712613445
ARGTRS,0.0,0.0
ARGabcpp,0.0,0.0
ARGt3pp,0.0,0.0
ARGtex,-0.0,-0.0
ASAD,-0.16640869186227503,-0.16640869079319903
ASCBPL,0.0,0.0
ASCBptspp,-0.0,-0.0
ASCBtex,-0.0,-0.0
ASNN,0.0,0.0
ASNNpp,0.0,0.0
ASNS1,0.0,0.0
ASNS2,0.03752179191831143,0.03752179167725643
ASNTRS,0.0,0.0
ASNabcpp,0.0,0.0
ASNt2rpp,-0.0,-0.0
ASNtex,-0.0,-0.0
ASO3t8pp,0.0,0.0
ASO3tex,-0.0,-0.0
ASP1DC,8.965817819550637e-05,8.965817761963368e-05
ASPCT,0.05149041155594296,0.051490411225147956
ASPK,0.16640869186227503,0.16640869079319903
ASPO3,0.0,0.0
ASPO4,0.0,0.0
ASPO5,0.0,0.0
ASPO6,0.0003545856422390026,0.00035458563996104697
ASPT,0.1930926326926096,0.0
ASPTA,-0.6488050727654575,-0.45571243714454573
ASPTRS,0.0,0.0
ASPabcpp,0.0,0.0
ASPt2_2pp,0.0,0.0
ASPt2_3pp,0.0,0.0
ASPt2pp_copy1,0.0,0.0
ASPt2pp_copy2,-0.0,-0.0
ASPtex,-0.0,-0.0
ASR,-0.0,-0.0
AST,-0.0,-0.0
ATHRDHr,-0.0,-0.0
ATPHs,0.0,0.0
ATPM,3.15,3.15
ATPPRT,0.014746591121349852,0.014746591026611851
ATPS4rpp,14.474750062513888,10.883004499227072
BALAt2pp,0.0,-0.0
BALAtex,-0.0,-0.0
BETALDHx,0.0,0.0
BETALDHy,0.0,-0.0
BMOCOS,1.899010024282423e-05,1.899010012082423e-05
BMOGDS1,1.8990100242824227e-05,1.899010012082423e-05
BMOGDS2,1.8990100242824227e-05,1.899010012082423e-05
BPNT,0.03858290268351895,0.03858290243564707
BSORx,-0.0,-0.0
BSORy,0.0,0.0
BTNt2ipp,0.0,-0.0
BTNtex,-0.0,-0.0
BTS5,3.113131187348234e-07,3.113131167348234e-07
BUTCT,0.0,-0.0
BUTSO3abcpp,-0.0,-0.0
BUTSO3tex,-0.0,-0.0
BUTt2rpp,-0.0,-0.0
BUTtex,-0.0,-0.0
BWCOGDS1,-0.0,-0.0
BWCOGDS2,-0.0,-0.0
BWCOS,0.0,0.0
CA2t3pp,999.9991898076084,0.0
CA2tex,0.0008101923915546649,0.000810192386302378
CADVtpp,0.0,0.0
CAT,0.0,0.0
CAt6pp,-1000.0,-0.000810192386302378
CBIAT,-0.0,-0.0
CBItonex,0.0,0.0
CBIuabcpp,-0.0,-0.0
CBL1abcpp,0.0,0.0
CBL1tonex,-0.0,-0.0
CBLAT,-0.0,-0.0
CBMD,-0.0,-0.0
CBMKr,0.0975323765643484,0.0975323759377614
CBPS,0.0,0.0
CCGS,0.0,0.0
CD2abcpp,0.0,0.0
CD2t3pp,0.0,0.0
CD2tex,-0.0,-0.0
CD2tpp,0.0,0.0
CDAPPA120,-0.0,-0.0
CDAPPA140,-0.0,-0.0
CDAPPA141,0.0,-0.0
CDAPPA160,0.0,0.0
CDAPPA161,0.0,0.0
CDAPPA180,-0.0,-0.0
CDAPPA181,-0.0,-0.0
CDGR,-0.0,-0.0
CDGS,-0.0,-0.0
CDPMEK,0.0003718635203287506,0.00037186351793974285
CFAS160E,0.0,0.0
CFAS160G,0.0,0.0
CFAS180E,0.0,0.0
CFAS180G,0.0,0.0
CGLYabcpp,0.0,-0.0
CGLYtex,-0.0,-0.0
CHLabcpp,0.0,0.0
CHLt2pp,-0.0,-0.0
CHLtex,-0.0,-0.0
CHOLD,0.0,0.0
CHORM,0.05033684079447108,0.050336840471087066
CHORS,0.0593236722495486,0.05932367186842958
CHRPL,3.4711412738932814e-05,3.471141251593281e-05
CHTBSptspp,-0.0,-0.0
CHTBStex,-0.0,-0.0
CINNDO,0.0,-0.0
CITL,0.0,0.0
CITt3pp,0.0,0.0
CITt7pp,-0.0,-0.0
CITtex,-0.0,-0.0
CLIPAabctex,-0.0,-0.0
CLPNH120pp,-0.0,0.0
CLPNH140pp,-0.0,0.0
CLPNH141pp,0.0,0.0
CLPNH160pp,-0.0,-0.0
CLPNH161pp,-0.0,-0.0
CLPNH180pp,-0.0,0.0
CLPNH181pp,-0.0,0.0
CLPNS120pp,-0.0,-0.0
CLPNS140pp,-0.0,-0.0
CLPNS141pp,-0.0,-0.0
CLPNS160pp,-0.0,-0.0
CLPNS161pp,-0.0,-0.0
CLPNS180pp,-0.0,-0.0
CLPNS181pp,-0.0,-0.0
CLt3_2pp,0.000405096195753689,0.000405096193151189
CLtex,0.000810192391507378,0.000810192386302378
CMPN,0.0,0.0
CMPtex,-0.0,-0.0
CMtex,-0.0,-0.0
CMtpp,0.0,0.0
CO2tex,-5.262140107214161,-3.7462490762380587
CO2tpp,-4.198467810720271,-3.7462490762380587
COBALT2abcpp,0.0,0.0
COBALT2t3pp,0.0,0.0
COBALT2tex,3.891413984185293e-06,3.891413959185293e-06
COBALT2tpp,3.891413984185293e-06,3.891413959185293e-06
COLIPAKpp,-0.0,-0.0
COLIPAPabctex,0.0,0.0
COLIPAabcpp,-0.0,-0.0
COLIPAabctex,0.0,0.0
CPGNR1,0.0,0.0
CPGNR2,-0.0,0.0
CPGNR3,0.0,0.0
CPGNUtex,-0.0,-0.0
CPGNUtpp,0.0,0.0
CPGNabcpp,-0.0,-0.0
CPGNexs,-0.0,-0.0
CPGNtonex,-0.0,-0.0
CPH4S,-0.0,-0.0
CPMPS,3.798020048564846e-05,3.798020024164846e-05
CPPPGO,3.4711412738932814e-05,3.471141251593281e-05
CPPPGO2,0.0,0.0
CRNBTCT,-0.0,-0.0
CRNCAL2,0.0,0.0
CRNCAR,-0.0,-0.0
CRNCBCT,-0.0,-0.0
CRNCDH,-0.0,-0.0
CRNDCAL2,0.0,0.0
CRNDabcpp,0.0,0.0
CRNDt2rpp,-0.0,-0.0
CRNDtex,-0.0,-0.0
CRNabcpp,0.0,0.0
CRNt2rpp,-0.0,-0.0
CRNt7pp,0.0,-0.0
CRNt8pp,0.0,-0.0
CRNtex,-0.0,-0.0
CS,0.6280041715956942,0.9849268020904933
CSND,-0.0,-0.0
CSNt2pp,0.0,-0.0
CSNtex,-0.0,-0.0
CTBTCAL2,0.0,0.0
CTBTabcpp,0.0,0.0
CTBTt2rpp,-0.0,-0.0
CTECOAI6,-0.0,-0.0
CTECOAI7,-0.023415104912521013,-0.02341510476209301
CTECOAI8,-0.0,-0.0
CTPS2,0.024986769192453767,0.024986769031928768
CU1Opp,0.0,-0.0
CU1abcpp,-0.0,-0.0
CU2abcpp,0.0,0.0
CU2tex,0.0001103605005914949,0.00011036049988249487
CU2tpp,0.0001103605005914949,0.00011036049988249487
CUt3,0.0,-0.0
CUtex,-0.0,-0.0
CYANST,-0.0,-0.0
CYANSTpp,0.0,0.0
CYANtex,-0.0,-0.0
CYNTAH,0.0,-0.0
CYNTt2pp,-0.0,-0.0
CYNTtex,-0.0,-0.0
CYSDDS,-0.0,-0.0
CYSDS,0.0,0.0
CYSDabcpp,0.0,-0.0
CYSDtex,-0.0,-0.0
CYSS,0.03858290268351895,0.03858290243564707
CYSSADS,0.0,-0.0
CYSTL,0.023957256708797704,0.023957256554886702
CYSTRS,0.0,0.0
CYSabc2pp,0.0,0.0
CYSabcpp,-0.0,-0.0
CYStex,-0.0,-0.0
CYStpp,0.0,0.0
CYTBD2pp,5.620416257765955,0.0
CYTBDpp,0.0,0.0
CYTBO3_4pp,12.296195616564514,6.826865724151698
CYTD,0.0,0.0
CYTDH,0.0,0.0
CYTDK2,-0.0,-0.0
CYTDt2pp_copy1,0.0,0.0
CYTDt2pp_copy2,-0.0,-0.0
CYTDtex,-0.0,-0.0
CYTK1,0.028159049872361494,0.028159049691456616
CYTK2,-0.0,-0.0
D_LACt2pp,-0.0,-0.0
D_LACtex,-0.0,-0.0
DAAD,0.3402481165556316,0.0
DADA,0.0,0.0
DADK,-0.0,-0.0
DADNt2pp,0.0,-0.0
DADNtex,-0.0,-0.0
DAGK120,0.0,0.0
DAGK140,-0.0,0.0
DAGK141,0.0,0.0
DAGK160,0.0,-0.0
DAGK161,-0.0,-0.0
DAGK180,0.0,0.0
DAGK181,0.0,0.0
DALAt2pp,0.0021626922358508184,0.0021626922219568183
DALAtex,-0.0,-0.0
DAMPtex,-0.0,-0.0
DAPAL,0.0,-0.0
DAPDC,0.05341526056908037,0.05341526022591937
DAPE,0.05774064504078201,0.05774064466983301
DAPabcpp,0.0,-0.0
DAPtex,-0.0,-0.0
DASYN120,0.0,0.0
DASYN140,0.0,0.0
DASYN141,0.0,0.0
DASYN160,0.00993306767947201,0.009933067615658011
DASYN161,0.011707552456260505,0.011707552381046505
DASYN180,0.0,0.0
DASYN181,0.0,0.0
DATPHs,-0.0,-0.0
DB4PS,0.00013884565095570402,0.00013884565006372742
DBTS,3.113131187348234e-07,3.113131167348234e-07
DC6PH,0.0,-0.0
DCAtex,-0.0,-0.0
DCMPtex,-0.0,-0.0
DCTPD,0.0,0.0
DCYTD,0.0,0.0
DCYTt2pp,0.0,-0.0
DCYTtex,-0.0,-0.0
DDCAtexi,0.0,-0.0
DDGALK,0.0,0.0
DDGLCNt2rpp,-0.0,-0.0
DDGLCNtex,-0.0,-0.0
DDGLK,0.0,-0.0
DDPA,0.0593236722495486,0.05932367186842958
DDPGALA,-0.0,-0.0
DGK1,-0.0,-0.0
DGMPtex,-0.0,-0.0
DGSNt2pp,0.0,-0.0
DGSNtex,-0.0,-0.0
DHACOAH,-0.0,-0.0
DHAD1,0.13608570450158758,0.13608570362731867
DHAD2,0.04522274453645475,0.045222744245925754
DHAPT,0.0,0.3080004859527976
DHAtex,-0.0,-0.0
DHAtpp,-0.0,-0.0
DHBD,-0.0,-0.0
DHBS,0.0,0.0
DHBSH,-0.0,-0.0
DHCIND,-0.0,-0.0
DHCINDO,-0.0,-0.0
DHDPRy,0.05774064504078201,0.05774064466983301
DHDPS,0.05774064504078201,0.05774064466983301
DHFR,0.0041770437706245556,0.004177043743789495
DHFS,0.00010413423821679924,0.00010413423754780052
DHMPTR,0.0,0.0
DHNAOT4,0.0,0.0
DHNCOAS,-0.0,-0.0
DHNCOAT,-0.0,-0.0
DHNPA2r,0.00010413423821679924,0.00010413423754780052
DHNPTE,-0.0,-0.0
DHORD2,0.05149041155594296,0.051490411225147956
DHORD5,0.0,0.0
DHORDfum,0.0,0.0
DHORTS,-0.05149041155594296,-0.051490411225147956
DHPPD,-0.0,-0.0
DHPPDA2,6.942282547785201e-05,6.942282503186371e-05
DHPS2,0.00010413423821679924,0.00010413423754780052
DHPTDCs2,6.973413859660046e-05,6.973413814860045e-05
DHPTDNR,0.0,0.0
DHPTDNRN,0.0,0.0
DHPTPE,-0.0,-0.0
DHQS,0.0593236722495486,0.05932367186842958
DHQTi,0.0593236722495486,0.05932367186842958
DIMPtex,-0.0,-0.0
DINSt2pp,0.0,-0.0
DINStex,-0.0,-0.0
DKGLCNR1,0.0,0.0
DKGLCNR2x,0.0,0.0
DKGLCNR2y,0.0,0.0
DMATT,4.327252350414082e-05,4.327252322614012e-05
DMPPS,0.0,4.327252322614012e-05
DMQMT,-0.0,-0.0
DMSOR1,-0.0,-0.0
DMSOR1pp,0.0,0.0
DMSOR2,0.0,0.0
DMSOR2pp,0.0,0.0
DMSOtex,-0.0,-0.0
DMSOtpp,-0.0,-0.0
DMStex,-0.0,-0.0
DNMPPA,0.00010413423821679924,0.00010413423754780052
DNTPPA,0.00010413423821679924,0.00010413423754780052
DOGULNR,0.0,0.0
DOPAtex,-0.0,-0.0
DOXRBCNtex,-0.0,-0.0
DOXRBCNtpp,0.0,0.0
DPCOAK,8.965817819550637e-05,8.965817761963368e-05
DPR,8.965817819550637e-05,8.965817761963368e-05
DRPA,0.0,0.0
DSBAO1,-0.0,-0.0
DSBAO2,0.0,0.0
DSBCGT,-0.0,-0.0
DSBDR,0.0,0.0
DSBGGT,-0.0,-0.0
DSERDHr,-0.0,-0.0
DSERt2pp,0.0,-0.0
DSERtex,-0.0,-0.0
DTARTD,0.0,-0.0
DTMPK,0.004072909532407695,0.004072909506241695
DTMPtex,-0.0,-0.0
DUMPtex,-0.0,-0.0
DURADx,-0.0,-0.0
DURIK1,-0.0,-0.0
DURIPP,-0.0,-0.0
DURIt2pp,0.0,-0.0
DURItex,-0.0,-0.0
DUTPDP,0.004072909532407695,0.004072909506241695
DXPRIi,0.0003718635203287506,0.00037186351793974285
DXPS,0.00044128634580661624,0.00044128634297160846
DXYLK,0.0,-0.0
E4PD,3.4711412738932814e-05,3.471141251593281e-05
EAR100x,-0.0,-0.0
EAR100y,0.0,0.0
EAR120x,-0.0,-0.0
EAR120y,0.0,0.0
EAR121x,0.0,0.0
EAR121y,0.0,0.0
EAR140x,0.0,0.0
EAR140y,0.0,0.0
EAR141x,-0.0,-0.0
EAR141y,0.0,0.0
EAR160x,0.0,-0.0
EAR160y,0.0,0.0
EAR161x,0.0,-0.0
EAR161y,0.0,0.0
EAR180x,0.0,0.0
EAR180y,0.0,0.0
EAR181x,0.0,0.0
EAR181y,0.0,0.0
EAR40x,-0.0,0.0
EAR40y,0.0,0.0
EAR60x,-0.0,-0.0
EAR60y,0.0,0.0
EAR80x,-0.0,-0.0
EAR80y,0.0,0.0
ECA4COLIPAabctex,-0.0,-0.0
ECA4OALpp,-0.0,-0.0
ECAP1pp,-0.0,-0.0
ECAP2pp,-0.0,-0.0
ECAP3pp,-0.0,-0.0
ECAtpp,-0.0,-0.0
ECOAH1,0.05539505634767448,0.055395055991794485
ECOAH2,0.05539505634767448,0.055395055991794485
ECOAH3,0.05539505634767448,0.055395055991794485
ECOAH4,0.05539505634767448,0.055395055991794485
ECOAH5,0.05539505634767448,0.055395055991794485
ECOAH6,0.04328124027146503,0.043281239993409035
ECOAH7,0.04328124027146503,0.043281239993409035
ECOAH8,-0.0,-0.0
EDA,0.0,0.0
EDD,-0.0,-0.0
EDTXS1,-0.0,-0.0
EDTXS2,-0.0,-0.0
EDTXS3,-0.0,-0.0
EDTXS4,-0.0,-0.0
EGMEACPR,3.1131311873482346e-07,3.113131167348234e-07
ENLIPAabctex,0.0,0.0
ENO,2.1695797272896566,2.6171841230281654
ENTCS,-0.0,-0.0
ENTERES,0.0,0.0
ENTERES2,0.0,0.0
EPMEACPR,3.1131311873482346e-07,3.113131167348234e-07
ETHAAL,-0.0,-0.0
ETHAt2pp,-0.0,-0.0
ETHAtex,-0.0,-0.0
ETHSO3abcpp,-0.0,-0.0
ETHSO3tex,-0.0,-0.0
ETOHtex,-0.0,-0.0
ETOHtrpp,-0.0,-0.0
F6PA,-0.0,0.3080004859527976
F6PP,0.0,0.0
F6Pt6_2pp,0.0,-0.0
F6Ptex,-0.0,-0.0
FA100ACPHi,0.0,0.0
FA120ACPHi,0.0,0.0
FA140ACPHi,0.0,0.0
FA141ACPHi,0.0,0.0
FA160ACPHi,0.0,0.0
FA161ACPHi,0.0,0.0
FA80ACPHi,-0.0,0.0
FACOAE100,0.0,0.0
FACOAE120,0.01211381607620945,0.012113815998385449
FACOAE140,-0.0,0.0
FACOAE141,0.0,0.0
FACOAE160,0.01986613535894402,0.019866135231316022
FACOAE161,0.023415104912521013,0.02341510476209301
FACOAE180,-0.0,0.0
FACOAE181,0.0,0.0
FACOAE60,0.0,0.0
FACOAE80,0.0,0.0
FACOAL100t2pp,0.0,-0.0
FACOAL120t2pp,-0.0,-0.0
FACOAL140t2pp,-0.0,-0.0
FACOAL141t2pp,-0.0,-0.0
FACOAL160t2pp,-0.0,0.0
FACOAL161t2pp,0.0,0.0
FACOAL180t2pp,-0.0,-0.0
FACOAL181t2pp,-0.0,-0.0
FACOAL60t2pp,0.0,0.0
FACOAL80t2pp,0.0,-0.0
FADRx,0.0,0.3402481143697416
FADRx2,0.0,0.0
FALDH2,-0.0,-0.0
FALDtex,-0.0,-0.0
FALDtpp,-0.0,-0.0
FALGTHLs,-0.0,-0.0
FBA,-0.0,0.9472764526238453
FBA3,1.8064304553680266,0.14900731780657162
FBP,0.0,0.0
FCI,-0.0,-0.0
FCLK,0.0,0.0
FCLPA,-0.0,-0.0
FCLT,3.4711412738932814e-05,3.471141251593281e-05
FDH4pp,1.0636722964938896,-0.0
FDH5pp,0.0,0.0
FDMO,0.0,-0.0
FDMO2,0.0,-0.0
FDMO3,0.0,-0.0
FDMO4,0.0,-0.0
FDMO6,0.0,-0.0
FE2abcpp,0.0,0.0
FE2t2pp,0.0,0.0
FE2t3pp,0.0,0.0
FE2tex,0.0025,0.0024999999839389994
FE2tpp,0.0025,0.0024999999839389994
FE3DCITabcpp,-0.0,-0.0
FE3DCITtonex,-0.0,-0.0
FE3DHBZR,-0.0,-0.0
FE3DHBZSabcpp,-0.0,0.0
FE3DHBZStonex,-0.0,-0.0
FE3HOXR1,0.0,0.0
FE3HOXR2,-0.0,0.0
FE3HOXR3,0.0,0.0
FE3HOXUtex,-0.0,-0.0
FE3HOXUtpp,0.0,0.0
FE3HOXabcpp,-0.0,-0.0
FE3HOXexs,-0.0,-0.0
FE3HOXtonex,-0.0,-0.0
FE3Ri,0.0,0.0
FE3abcpp,-0.0,-0.0
FE3tex,-0.0,-0.0
FECRMR1,0.0,0.0
FECRMR2,0.0,0.0
FECRMR3,-0.0,0.0
FECRMUtex,-0.0,-0.0
FECRMUtpp,0.0,0.0
FECRMabcpp,-0.0,-0.0
FECRMexs,-0.0,-0.0
FECRMtonex,-0.0,-0.0
FEENTERR1,0.0,0.0
FEENTERR2,-0.0,-0.0
FEENTERR3,-0.0,0.0
FEENTERabcpp,-0.0,-0.0
FEENTERexs,-0.0,-0.0
FEENTERtex,-0.0,-0.0
FEENTERtonex,-0.0,-0.0
FEENTERtpp,0.0,0.0
FEOXAMR1,0.0,0.0
FEOXAMR2,-0.0,0.0
FEOXAMR3,0.0,0.0
FEOXAMUtex,-0.0,-0.0
FEOXAMUtpp,0.0,0.0
FEOXAMabcpp,-0.0,-0.0
FEOXAMexs,-0.0,-0.0
FEOXAMtonex,-0.0,-0.0
FEROpp,0.0,0.0
FESD1s,0.0006076832077703753,0.0006076832038663753
FESD2s,-0.0,-0.0
FESR,0.0012153664155407505,0.0012153664077327506
FFSD,-0.0,-0.0
FHL,0.0,0.0
FLDR2,0.0,0.0
FLVR,0.0,0.0
FLVRx,0.0,0.0
FMETTRS,0.0,0.0
FMNAT,3.47114127389192e-05,3.4711412515930906e-05
FMNRx,-0.0,0.0
FMNRx2,0.0,0.0
FOMETRi,-0.0,-0.0
FORCT,-0.0,-0.0
FORt2pp,0.0,0.0
FORtex,-0.0,-0.0
FORtppi,1.0636722964938896,0.0
FRD2,0.0,0.0
FRD3,-0.0,0.0
FRUK,0.0,0.0
FRULYSDG,-0.0,-0.0
FRULYSE,-0.0,-0.0
FRULYSK,0.0,-0.0
FRULYSt2pp,0.0,-0.0
FRULYStex,-0.0,-0.0
FRUURt2rpp,-0.0,-0.0
FRUURtex,-0.0,-0.0
FRUpts2pp,0.0,-0.0
FRUptspp,-0.0,-0.0
FRUtex,-0.0,-0.0
FTHFD,1.0632904709537614,0.0
FTHFLi,0.0,0.0
FUCtex,-0.0,-0.0
FUCtpp,-0.0,-0.0
FUM,0.8160616259065585,0.9798916237404243
FUMt2_2pp,0.0,-0.0
FUMt2_3pp,0.0,0.0
FUMtex,-0.0,-0.0
FUSAtex,-0.0,-0.0
FUSAtpp,0.0,0.0
G1PACT,0.014707676981508,0.014707676887019999
G1PPpp,0.0,-0.0
G1PTT,-0.0,-0.0
G1Ptex,-0.0,-0.0
G1SAT,0.000555382603822925,0.000555382600254925
G2PP,-0.0,-0.0
G2PPpp,0.0,-0.0
G3PAT120,0.0,0.0
G3PAT140,0.0,0.0
G3PAT141,0.0,0.0
G3PAT160,0.0,0.009933067615658011
G3PAT161,0.0,0.011707552381046505
G3PAT180,0.0,0.0
G3PAT181,0.0,0.0
G3PCabcpp,0.0,0.0
G3PCtex,-0.0,-0.0
G3PD2,-5.641952743663471,-0.021640619996704517
G3PD5,0.0,0.0
G3PD6,5.6203121235277385,0.0
G3PD7,0.0,0.0
G3PEabcpp,0.0,0.0
G3PEtex,-0.0,-0.0
G3PGabcpp,0.0,0.0
G3PGtex,-0.0,-0.0
G3PIabcpp,0.0,0.0
G3PItex,-0.0,-0.0
G3PSabcpp,0.0,0.0
G3PStex,-0.0,-0.0
G3PT,0.0,0.0
G5SADs,0.0344086607309632,0.0344086605099082
G5SD,0.0,0.0344086605099082
G6PDA,0.0,0.0
G6PDH2r,-0.0,0.5391748387002986
G6PP,0.0,0.0
G6Pt6_2pp,0.0,-0.0
G6Ptex,-0.0,-0.0
GAL1PPpp,0.0,-0.0
GAL1Ptex,-0.0,-0.0
GALBDtex,-0.0,-0.0
GALCTD,0.0,0.0
GALCTLO,0.0,0.0
GALCTND,-0.0,-0.0
GALCTNLt2pp,-0.0,-0.0
GALCTNLtex,-0.0,-0.0
GALCTNt2pp,-0.0,-0.0
GALCTNtex,-0.0,-0.0
GALCTt2rpp,-0.0,-0.0
GALCTtex,-0.0,-0.0
GALKr,-0.0,-0.0
GALM2pp,0.0,0.0
GALS3,0.0,-0.0
GALT1,-0.0,-0.0
GALTptspp,0.0,-0.0
GALTtex,-0.0,-0.0
GALURt2rpp,-0.0,-0.0
GALURtex,-0.0,-0.0
GALUi,-0.0,-0.0
GALabcpp,0.0,0.0
GALt2pp,0.0,-0.0
GALtex,-0.0,-0.0
GAM6Pt6_2pp,0.0,-0.0
GAMAN6Ptex,-0.0,-0.0
GAMptspp,0.0,-0.0
GAMtex,-0.0,-0.0
GAPD,3.5091963921298093,2.884628941059697
GARFT,0.06977118485802046,0.06938935887181667
GART,0.0,0.00038182553767525385
GBBTNtex,-0.0,-0.0
GCALDD,0.00010413423821679924,0.00010413423754780052
GDMANE,-0.0,-0.0
GDPDPK,0.0,0.0
GDPMNH,-0.0,-0.0
GDPMNP,0.0,0.0
GDPTPDP,0.0,-0.0
GDPtex,-0.0,-0.0
GF6PTA,0.014707676981508,0.014707676887019999
GGGABADr,-0.0,-0.0
GGGABAH,0.0,0.0
GGPTRCO,-0.0,-0.0
GGPTRCS,-0.0,-0.0
GHBDHx,-0.0,-0.0
GHMT2r,1.2458037017618888,0.17363185555595967
GK1,0.037935994022745945,0.03793599377907212
GLBRAN2,0.0,0.0
GLCATr,-0.0,-0.0
GLCDpp,8.05806822673958,0.0
GLCNt2rpp,8.05806822673958,-0.0
GLCNtex,-0.0,-0.0
GLCP,0.0,-0.0
GLCP2,-0.0,-0.0
GLCRAL,0.0,-0.0
GLCRD,0.0,0.0
GLCRt2rpp,-0.0,-0.0
GLCRtex,-0.0,-0.0
GLCS1,-0.0,-0.0
GLCTR1,-0.0,-0.0
GLCTR2,-0.0,-0.0
GLCTR3,-0.0,-0.0
GLCUR1Ptex,-0.0,-0.0
GLCURt2rpp,-0.0,-0.0
GLCURtex,-0.0,-0.0
GLCabcpp,0.0,0.0
GLCptspp,0.0,1.7195105196383353
GLCt2pp,1.9419317732604195,0.0
GLCtex_copy1,10.0,1.7195105196383353
GLCtex_copy2,0.0,0.0
GLDBRAN2,-0.0,0.0
GLGC,0.0,0.0
GLNS,0.28183410123956515,0.28183409942841126
GLNTRS,0.0,0.0
GLNabcpp,0.0,-0.0
GLNtex,-0.0,-0.0
GLTPD,-0.0,-0.0
GLU5K,-0.0,0.0344086605099082
GLUABUTt7pp,-0.0,-0.0
GLUCYS,-0.0,-0.0
GLUDC,-0.0,0.0
GLUDy,-2.936641960505718,-1.3311293576147827
GLUN,0.0,0.0
GLUNpp,0.0,0.0
GLUPRT,0.06977118485802046,0.06977118440949193
GLUR,-0.004325384471701637,-0.004325384443913637
GLUSy,0.0,0.0
GLUTRR,0.000555382603822925,0.000555382600254925
GLUTRS,0.000555382603822925,0.000555382600254925
GLUabcpp,0.0,0.0
GLUt2rpp,-0.0,-0.0
GLUt4pp,0.0,-0.0
GLUtex,-0.0,-0.0
GLXCL,0.0,0.0
GLYALDtex,-0.0,-0.0
GLYALDtpp,-0.0,-0.0
GLYAT,1.0806713936861359,-0.0
GLYBabcpp,0.0,0.0
GLYBt2pp,0.0,0.0
GLYBtex,-0.0,-0.0
GLYC2Pabcpp,0.0,0.0
GLYC2Ptex,-0.0,-0.0
GLYC3Pabcpp,0.0,0.0
GLYC3Pt6pp,0.0,-0.0
GLYC3Ptex,-0.0,-0.0
GLYCAt2rpp,-0.0,-0.0
GLYCAtex,-0.0,-0.0
GLYCDx,-0.0,0.0
GLYCK,-0.0,0.0
GLYCK2,0.0,0.0
GLYCL,0.0,0.008499548541373358
GLYCLTDx,0.0,0.0
GLYCLTDy,0.0,0.0
GLYCLTt2rpp,-0.0,-0.000810192386302378
GLYCLTt4pp,-0.0,0.000810192386302378
GLYCLTtex,-0.0,-0.0
GLYCTO2,0.0,0.00010413423754780052
GLYCTO3,0.00010413423821679924,-0.0
GLYCTO4,0.0,-0.0
GLYCtex,-0.0,-0.0
GLYCtpp,-0.0,-0.0
GLYK,0.0,-0.0
GLYOX,0.0,0.0
GLYOX3,1.0806713936861359,-0.0
GLYTRS,0.0,0.0
GLYt2pp_copy1,0.0,0.0
GLYt2pp_copy2,-0.0,-0.0
GLYt4pp,0.0,-0.0
GLYtex,-0.0,-0.0
GMAND,0.0,0.0
GMHEPAT,-0.0,-0.0
GMHEPK,0.0,0.0
GMHEPPA,-0.0,-0.0
GMPR,0.0,0.0
GMPS2,0.037935994022745945,0.03793599377907212
GMPtex,-0.0,-0.0
GND,0.0,0.5391748387002986
GNK,-0.0,-0.0
GOFUCR,0.0,0.0
GP4GH,0.0,-0.0
GPDDA1,-0.0,-0.0
GPDDA1pp,0.0,-0.0
GPDDA2,-0.0,-0.0
GPDDA2pp,-0.0,-0.0
GPDDA3,-0.0,-0.0
GPDDA3pp,0.0,-0.0
GPDDA4,-0.0,-0.0
GPDDA4pp,-0.0,-0.0
GPDDA5,-0.0,-0.0
GPDDA5pp,0.0,-0.0
GRTT,4.327252350414082e-05,4.327252322614012e-05
GRXR,-0.0,-0.0
GSNK,-0.0,-0.0
GSNt2pp,0.0,-0.0
GSNtex,-0.0,-0.0
GSPMDA,-0.0,-0.0
GSPMDS,0.0,0.0
GTHOXtex,-0.0,-0.0
GTHOr,-0.0,-0.0
GTHPi,0.0,0.0
GTHRDHpp,0.0,-0.0
GTHRDabc2pp,0.0,0.0
GTHRDabcpp,0.0,0.0
GTHRDtex,-0.0,-0.0
GTHS,0.0,0.0
GTPCI,0.00010413423821679924,0.00010413423754780052
GTPCII2,6.942282547785201e-05,6.942282503186371e-05
GTPDPDP,0.0,0.0
GTPDPK,-0.0,0.0
GTPHs,0.0,0.0
GTPtex,-0.0,-0.0
GUACYC,-0.0,-0.0
GUAD,0.0,0.0
GUAPRT,0.0,0.0
GUAt2pp,0.0,0.0
GUAtex,-0.0,-0.0
GUAtpp,-0.0,-0.0
GUI1,-0.0,-0.0
GUI2,-0.0,-0.0
GUR1PPpp,0.0,-0.0
H2O2tex,-0.0,-0.0
H2Otex,-9.372993105162907,-7.857102047773624
H2Otpp,-17.431061331902487,-7.857102047773624
H2SO,0.0,0.0
H2St1pp,-0.0,-0.0
H2Stex,-0.0,-0.0
H2tex,-0.0,-0.0
H2tpp,-0.0,-0.0
HACD1,0.05539505634767448,0.055395055991794485
HACD2,0.05539505634767448,0.055395055991794485
HACD3,0.05539505634767448,0.055395055991794485
HACD4,0.05539505634767448,0.055395055991794485
HACD5,0.05539505634767448,0.055395055991794485
HACD6,0.04328124027146503,0.043281239993409035
HACD7,0.04328124027146503,0.043281239993409035
HACD8,-0.0,-0.0
HADPCOADH3,-0.0,-0.0
HBZOPT,3.4711412738932814e-05,3.471141251593281e-05
HCINNMt2rpp,-0.0,-0.0
HCINNMtex,-0.0,-0.0
HCO3E,0.08185122346084718,0.08185122293471164
HCYSMT,0.0,0.0
HCYSMT2,-0.0,-0.0
HDCAtexi,0.0,-0.0
HDCEAtexi,0.0,-0.0
HEMEOS,-0.0,-0.0
HEPK1,-0.0,-0.0
HEPK2,-0.0,-0.0
HEPT1,-0.0,-0.0
HEPT2,-0.0,-0.0
HEPT3,-0.0,-0.0
HEPT4,-0.0,-0.0
HETZK,0.0,-0.0
HEX1,0.0,0.0
HEX4,-0.0,-0.0
HEX7,1.9419317732604195,-0.0
HEXt2rpp,-0.0,-0.0
HG2abcpp,-0.0,-0.0
HG2t3pp,0.0,-0.0
HG2tex,-0.0,-0.0
HISTD,0.014746591121349852,0.014746591026611851
HISTP,0.014746591121349852,0.014746591026611851
HISTRS,0.0,0.0
HISabcpp,0.0,0.0
HISt2rpp,-0.0,-0.0
HIStex,-0.0,-0.0
HKNDDH,0.0,-0.0
HKNTDH,-0.0,-0.0
HMBS,6.942282547786563e-05,6.942282503186562e-05
HMPK1,0.0,-0.0
HOMt2pp,0.0,0.0
HOMtex,-0.0,-0.0
HOPNTAL,-0.0,-0.0
HPPK2,0.00010413423821679924,0.00010413423754780052
HPPPNDO,-0.0,-0.0
HPPPNt2rpp,-0.0,-0.0
HPPPNtex,-0.0,-0.0
HPYRI,-0.0,-0.0
HPYRRx,0.0,0.0
HPYRRy,0.0,0.0
HSDy,-0.10866804682149303,-0.10866804612336603
HSK,0.08471079011269533,0.08471078956847933
HSST,0.023957256708797704,0.023957256554886702
HSTPT,0.014746591121349852,0.014746591026611851
HXAND,-0.0,0.0
HXAtex,-0.0,-0.0
HXCT,-0.0,-0.0
HXPRT,0.0,0.0
HYD1pp,0.0,-0.0
HYD2pp,0.0,0.0
HYD3pp,0.0,0.0
HYPOE,-0.0,-0.0
HYXNtex,-0.0,-0.0
HYXNtpp,-0.0,-0.0
Htex,-9.48827680653153,-1.5208903457487666
I2FE2SR,0.0,3.113131167348234e-07
I2FE2SS,0.0,4.451777569307975e-05
I2FE2SS2,0.0,4.0470705175527045e-05
I2FE2ST,-0.0,4.358383634287528e-06
I4FE4SR,-0.0,4.0470705175527045e-05
I4FE4ST,-0.0,4.0470705175527045e-05
ICDHyr,0.1673606873793178,0.9849268020904933
ICHORS_copy1,-0.0,-0.0
ICHORS_copy2,0.0,0.0
ICHORT,0.0,0.0
ICL,0.4606434842163764,0.0
ICYSDS,0.00011067181371022974,0.00028096008785317815
IDOND,8.05806822673958,-0.0
IDOND2,0.0,0.0
IDONt2rpp,-8.05806822673958,-0.0
IDONtex,-8.05806822673958,-0.0
IG3PS,0.014746591121349852,0.014746591026611851
IGPDH,0.014746591121349852,0.014746591026611851
IGPS,0.008847985804121784,0.008847985747278783
ILETA,-0.04522274453645476,-0.045222744245925754
ILETRS,0.0,0.0
ILEabcpp,0.0,0.0
ILEt2rpp,-0.0,-0.0
ILEtex,-0.0,-0.0
IMPC,-0.08448306456663138,-0.08448306402358785
IMPD,0.037935994022745945,0.03793599377907212
IMPtex,-0.0,-0.0
INDOLEt2pp,0.0,0.0
INDOLEt2rpp,-0.0,-0.0
INDOLEtex,-0.0,-0.0
INOSTt4pp,0.0,0.0
INSH,0.0,0.0
INSK,0.0,0.0
INSTtex,-0.0,-0.0
INSt2pp_copy1,0.0,0.0
INSt2pp_copy2,-0.0,-0.0
INStex,-0.0,-0.0
IPDDI,4.327252350414082e-05,-0.0
IPDPS,0.0003718635203287506,0.00032859099471360274
IPMD,0.07012810534835938,0.07012810489782836
IPPMIa,-0.07012810534835938,-0.07012810489782836
IPPMIb,-0.07012810534835938,-0.07012810489782836
IPPS,0.07012810534835938,0.07012810489782836
ISETACabcpp,-0.0,-0.0
ISETACtex,-0.0,-0.0
K2L4Aabcpp,0.0030284540190523624,0.0030284539995963622
K2L4Aabctex,0.0030284540190523624,0.0030284539995963622
KARA1,-0.13608570450158758,-0.13608570362731867
KARA2,0.04522274453645475,0.045222744245925754
KAS14,0.0,0.0
KAS15,0.0,0.0
KDOCT2,0.006056908038104725,0.006056907999192724
KDOPP,0.006056908038104725,0.006056907999192724
KDOPS,0.006056908038104725,0.006056907999192724
KG6PDC,-0.0,-0.0
Kabcpp,0.0,0.0
Kt2pp,0.030383070792603196,0.030383070597410196
Kt3pp,0.0,0.0
Ktex,0.030383070792603196,0.030383070597410196
L_LACD2,0.0,-0.0
L_LACD3,-0.0,0.0
L_LACt2rpp,-0.0,-0.0
L_LACtex,-0.0,-0.0
LA4NTpp,-0.0,-0.0
LACZ,0.0,-0.0
LACZpp,0.0,0.0
LADGMDH,0.0,0.0
LALADGLUtex,-0.0,-0.0
LALADGLUtpp,0.0,-0.0
LALALGLUtex,-0.0,-0.0
LALALGLUtpp,0.0,-0.0
LALDO2x,-0.0,0.0
LALDO3,0.0,0.0
LALGP,-0.0,-0.0
LCADi,-0.0,-0.0
LCARR,-0.0,-0.0
LCARS,-0.0,-0.0
LCTSt3ipp,0.0,0.0
LCTStex,-0.0,-0.0
LCTStpp,-0.0,-0.0
LDH_D,1.0806713936861359,-0.0
LDH_D2,0.0,0.0
LEUTAi,0.07012810534835937,0.07012810489782836
LEUTRS,0.0,0.0
LEUabcpp,0.0,0.0
LEUt2rpp,-0.0,-0.0
LEUtex,-0.0,-0.0
LGTHL,-0.0,-0.0
LIPACabcpp,0.0,0.0
LIPAHT2ex,0.0,0.0
LIPAHTex,0.0,0.0
LIPAMPL,-0.0,-0.0
LIPATPT,0.0,0.0
LIPAabcpp,-0.0,-0.0
LIPAabctex,0.0,0.0
LIPOCT,-0.0,0.0
LIPOS,0.0,0.0
LIPOt2pp,-0.0,-0.0
LIPOtex,-0.0,-0.0
LPADSS,0.0030284540190523624,0.0030284539995963622
LPLIPAL1A120pp,-0.0,-0.0
LPLIPAL1A140pp,-0.0,-0.0
LPLIPAL1A141pp,-0.0,-0.0
LPLIPAL1A160pp,-0.0,-0.0
LPLIPAL1A161pp,-0.0,-0.0
LPLIPAL1A180pp,-0.0,-0.0
LPLIPAL1A181pp,-0.0,-0.0
LPLIPAL1E120pp,-0.0,-0.0
LPLIPAL1E140pp,-0.0,-0.0
LPLIPAL1E141pp,-0.0,-0.0
LPLIPAL1E160pp,-0.0,-0.0
LPLIPAL1E161pp,-0.0,-0.0
LPLIPAL1E180pp,-0.0,-0.0
LPLIPAL1E181pp,-0.0,-0.0
LPLIPAL1G120pp,-0.0,-0.0
LPLIPAL1G140pp,-0.0,-0.0
LPLIPAL1G141pp,-0.0,-0.0
LPLIPAL1G160pp,-0.0,-0.0
LPLIPAL1G161pp,-0.0,-0.0
LPLIPAL1G180pp,-0.0,-0.0
LPLIPAL1G181pp,-0.0,-0.0
LPLIPAL2A120,0.0,-0.0
LPLIPAL2A140,0.0,-0.0
LPLIPAL2A141,0.0,-0.0
LPLIPAL2A160,0.0,0.0
LPLIPAL2A161,0.0,0.0
LPLIPAL2A180,-0.0,0.0
LPLIPAL2A181,0.0,0.0
LPLIPAL2ATE120,-0.0,-0.0
LPLIPAL2ATE140,-0.0,-0.0
LPLIPAL2ATE141,-0.0,-0.0
LPLIPAL2ATE160,-0.0,-0.0
LPLIPAL2ATE161,-0.0,-0.0
LPLIPAL2ATE180,-0.0,-0.0
LPLIPAL2ATE181,-0.0,-0.0
LPLIPAL2ATG120,0.0,-0.0
LPLIPAL2ATG140,0.0,-0.0
LPLIPAL2ATG141,0.0,-0.0
LPLIPAL2ATG160,0.0,-0.0
LPLIPAL2ATG161,0.0,-0.0
LPLIPAL2ATG180,0.0,-0.0
LPLIPAL2ATG181,0.0,0.0
LPLIPAL2E120,-0.0,0.0
LPLIPAL2E140,-0.0,0.0
LPLIPAL2E141,0.0,0.0
LPLIPAL2E160,0.0,0.0
LPLIPAL2E161,0.0,0.0
LPLIPAL2E180,0.0,0.0
LPLIPAL2E181,-0.0,0.0
LPLIPAL2G120,0.0,-0.0
LPLIPAL2G140,0.0,-0.0
LPLIPAL2G141,0.0,-0.0
LPLIPAL2G160,0.0,0.0
LPLIPAL2G161,0.0,0.0
LPLIPAL2G180,0.0,0.0
LPLIPAL2G181,0.0,0.0
LSERDHr,-0.0,-0.0
LYSDC,-0.0,-0.0
LYSTRS,0.0,0.0
LYSabcpp,0.0,0.0
LYSt2pp,-0.0,-0.0
LYSt3pp,0.0,0.0
LYStex,-0.0,-0.0
LYXI,-0.0,-0.0
LYXt2pp,0.0,0.0
LYXtex,-0.0,-0.0
M1PD,-0.0,-0.0
MACPD,0.0,0.0
MALCOAMT,3.1131311873482346e-07,3.113131167348234e-07
MALDDH,0.0,0.0
MALDt2_2pp,-0.0,-0.0
MALDtex,-0.0,-0.0
MALS,0.4607476184545932,0.00010413423754780052
MALTATr,-0.0,-0.0
MALTHXabcpp,0.0,-0.0
MALTHXtexi,-0.0,-0.0
MALTPTabcpp,0.0,-0.0
MALTPTtexi,-0.0,-0.0
MALTTRabcpp,0.0,-0.0
MALTTRtexi,-0.0,-0.0
MALTTTRabcpp,0.0,-0.0
MALTTTRtexi,-0.0,-0.0
MALTabcpp,0.0,-0.0
MALTptspp,0.0,0.0
MALTtexi,-0.0,-0.0
MALt2_2pp,0.0,-0.0
MALt2_3pp,0.0,0.0
MALt3pp,-0.0,0.0
MALtex,-0.0,-0.0
MAN1PT2,0.0,0.0
MAN6PI,-0.0,-0.0
MAN6Pt6_2pp,0.0,-0.0
MAN6Ptex,-0.0,-0.0
MANAO,-0.0,-0.0
MANGLYCptspp,-0.0,-0.0
MANGLYCtex,-0.0,-0.0
MANPGH,0.0,-0.0
MANptspp,0.0,-0.0
MANtex,-0.0,-0.0
MCITD,-0.0,-0.0
MCITL2,-0.0,-0.0
MCITS,0.0,0.0
MCOATA,0.01211443870244692,0.012114438624618919
MCPST,-0.0,-0.0
MCTP1App,0.0021626922358508184,0.0021626922219568183
MCTP1Bpp,-0.0,-0.0
MCTP2App,-0.0,-0.0
MDDCP1pp,0.0,0.0
MDDCP2pp,-0.0,-0.0
MDDCP3pp,-0.0,-0.0
MDDCP4pp,0.0,0.0
MDDCP5pp,-0.0,-0.0
MDDEP1pp,-0.0,-0.0
MDDEP2pp,-0.0,-0.0
MDDEP3pp,0.0,0.0
MDDEP4pp,-0.0,-0.0
MDH,2.3572622518944955,0.9797426604140667
MDH2,0.0,0.0
MDH3,0.0,0.0
ME1,0.0,0.0
ME2,0.0,0.0
MECDPDH5,0.0003718635203287506,0.00037186351793974285
MECDPS,0.0003718635203287506,0.00037186351793974285
MELIBt2pp,-0.0,-0.0
MELIBt3ipp,0.0,0.0
MELIBtex,-0.0,-0.0
MEOHtex,-3.1131311873482346e-07,-3.113131167348234e-07
MEOHtrpp,-3.1131311873482346e-07,-3.113131167348234e-07
MEPCT,0.0003718635203287506,0.00037186351793974285
METAT,0.0001397795903119357,0.00013977958941393569
METDabcpp,0.0,0.0
METDtex,-0.0,-0.0
METOX1s,-0.0,-0.0
METOX2s,-0.0,-0.0
METS,0.024026990847394306,0.024026990693035304
METSOX1abcpp,0.0,-0.0
METSOX1tex,-0.0,-0.0
METSOX2abcpp,0.0,-0.0
METSOX2tex,-0.0,-0.0
METSOXR1,0.0,0.0
METSOXR2,0.0,0.0
METTRS,0.0,0.0
METabcpp,0.0,-0.0
METtex,-0.0,-0.0
MG2t3_2pp,0.0013503206525122967,0.0013503206438372968
MG2tex,0.0013503206525122967,0.0013503206438372968
MG2tpp,0.0,0.0
MG2uabcpp,0.0,0.0
MGSA,0.0,0.0
MI1PP,0.0,-0.0
MICITDr,-0.0,-0.0
MINCYCtex,-0.0,-0.0
MINCYCtpp,0.0,0.0
MINOHPtexi,-0.0,-0.0
MLDCP1App,0.0,0.0
MLDCP1Bpp,0.0,0.0
MLDCP2App,0.0,0.0
MLDCP2Bpp,0.0,0.0
MLDCP3App,0.0,0.0
MLDEP1pp,-0.0,-0.0
MLDEP2pp,0.0,0.0
MLTG1,-0.0,-0.0
MLTG2,-0.0,-0.0
MLTG3,0.0,0.0
MLTG4,0.0,0.0
MLTG5,0.0,0.0
MLTGY1pp,-0.0,-0.0
MLTGY2pp,-0.0,-0.0
MLTGY3pp,-0.0,-0.0
MLTGY4pp,-0.0,-0.0
MLTP1,-0.0,-0.0
MLTP2,-0.0,-0.0
MLTP3,-0.0,-0.0
MMCD,-0.0,-0.0
MMETt2pp,0.0,-0.0
MMETtex,-0.0,-0.0
MMM,-0.0,-0.0
MN2t3pp,0.0,0.0
MN2tpp,0.0,0.0001075586818318815
MN6PP,0.0,0.0
MNLptspp,0.0,-0.0
MNLtex,-0.0,-0.0
MNNH,0.0,0.0
MNt2pp,0.00010755868252288149,0.0
MNtex,0.00010755868252288149,0.0001075586818318815
MOADSUx,7.596040097129692e-05,7.596040048329691e-05
MOAT,0.0030284540190523624,0.0030284539995963622
MOAT2,0.0030284540190523624,0.0030284539995963622
MOAT3C,-0.0,-0.0
MOBDabcpp,2.0079696158396112e-05,2.007969602939611e-05
MOBDtex,2.0079696158396112e-05,2.007969602939611e-05
MOCDS,-0.0,-0.0
MOCOS,1.899010024282423e-05,1.899010012082423e-05
MOGDS,-0.0,-0.0
MOHMT,8.965817819550637e-05,8.965817761963368e-05
MOX,-1.0804530075333436,0.00025309756390532834
MPTAT,3.798020048564846e-05,3.798020024164846e-05
MPTG,0.0021626922358508184,0.0021626922219568183
MPTG2,0.0,0.0
MPTS,3.798020048564846e-05,3.798020024164846e-05
MPTSS,7.596040097129692e-05,7.596040048329691e-05
MSAR,-0.0,-0.0
MSO3abcpp,-0.0,-0.0
MSO3tex,-0.0,-0.0
MTAN,0.0,0.0
MTHFC,1.2175794317911524,0.15390713430792047
MTHFD,1.2175794317911524,0.15390713430792047
MTHFR2,0.024026990847394306,0.024026990693035304
MTHTHFSs,6.973413859660046e-05,6.973413814860045e-05
MTRPOX,0.0,-0.0
N2Otex,-0.0,-0.0
N2Otpp,-0.0,-0.0
NACODA,0.0344086607309632,0.0
NACtex,-0.0,-0.0
NACtpp,0.0,-0.0
NADDP,0.0,0.0
NADH10,0.0,0.0
NADH16pp,0.0,5.957600928665136
NADH17pp,0.0,0.0
NADH18pp,0.0,0.0
NADH5,0.0,0.0
NADH9,0.0,0.0
NADK,6.957848203725803e-05,6.957848159050428e-05
NADN,0.0,0.0
NADPHQR2,0.0,0.0
NADPHQR3,0.0,0.0
NADPHQR4,0.0,0.0
NADPPPS,0.0,0.0
NADS1,0.0003545856422390026,0.00035458563996104697
NADTRHD,0.0,0.0
NAMNPP,-0.0,-0.0
NAt3_1p5pp,0.0,0.0
NAt3_2pp,0.0,0.0
NAt3pp,0.0,0.0
NAtex,-0.0,-0.0
NDPK1,-999.8769340327499,0.12306596645923493
NDPK2,0.06619808853745096,0.06619808811216796
NDPK3,0.028159049872361494,0.028159049691456616
NDPK4,0.004072909532407695,0.004072909506241695
NDPK5,-0.0,-0.0
NDPK6,-0.0,-0.0
NDPK7,-0.0,-0.0
NDPK8,-0.0,-0.0
NH4tex,1.6812191021743321,1.6812190913721414
NH4tpp,1.6812191021743321,1.6812190913721414
NHFRBO,0.0,0.0
NI2abcpp,0.0,0.0
NI2t3pp,0.0,0.0
NI2tex,5.027706867567398e-05,5.0277068352673985e-05
NI2tpp,0.0,5.0277068352673985e-05
NI2uabcpp,5.027706867567398e-05,0.0
NMNAT,-0.0,-0.0
NMNDA,0.0,0.0
NMNN,0.0,0.0
NMNPtpp,0.0,-0.0
NMNt7pp,0.0,0.0
NMNtex,-0.0,-0.0
NNAM,-0.0,-0.0
NNATr,0.0003545856422390026,0.00035458563996104697
NNDMBRT,0.0,0.0
NNDPR,0.0003545856422390026,0.00035458563996104697
NO2t2rpp,-0.0,-0.0
NO2tex,-0.0,-0.0
NO3R1bpp,0.0,0.0
NO3R1pp,-0.0,-0.0
NO3R2bpp,0.0,0.0
NO3R2pp,0.0,0.0
NO3t7pp,0.0,-0.0
NO3tex,-0.0,-0.0
NODOx,0.0,0.0
NODOy,0.0,0.0
NOVBCNtex,-0.0,-0.0
NOVBCNtpp,0.0,0.0
NOtex,-0.0,-0.0
NOtpp,-0.0,-0.0
NTD1,0.0,0.0
NTD10,0.0,0.0
NTD10pp,0.0,-0.0
NTD11,0.0,-0.0
NTD11pp,0.0,-0.0
NTD12,-0.0,-0.0
NTD12pp,-0.0,-0.0
NTD1pp,-0.0,-0.0
NTD2,0.0,0.0
NTD2pp,0.0,-0.0
NTD3,-0.0,-0.0
NTD3pp,-0.0,-0.0
NTD4,0.0,0.0
NTD4pp,0.0,-0.0
NTD5,0.0,0.0
NTD5pp,0.0,-0.0
NTD6,0.0,0.0
NTD6pp,0.0,-0.0
NTD7,0.0,0.0
NTD7pp,0.0,-0.0
NTD8,0.0,-0.0
NTD8pp,-0.0,-0.0
NTD9,0.0,0.0
NTD9pp,-0.0,-0.0
NTP1,0.0,0.0
NTP10,0.0,0.0
NTP11,0.0,0.0
NTP12,0.0,0.0
NTP3,0.0,0.0
NTP3pp,-0.0,-0.0
NTP5,0.0,0.0
NTPP1,0.0,0.0
NTPP10,0.0,0.0
NTPP11,-0.0,-0.0
NTPP2,0.0,0.0
NTPP3,0.0,0.0
NTPP4,0.0,0.0
NTPP5,0.0,0.0
NTPP6,0.0,0.0
NTPP7,0.0,0.0
NTPP8,0.0,0.0
NTPP9,-0.0,-0.0
NTPTP1,-0.0,0.0
NTPTP2,0.0,0.0
NTRIR2x,0.0,0.0
NTRIR3pp,0.0,-0.0
NTRIR4pp,0.0,0.0
O16A4COLIPAabctex,0.0,0.0
O16A4Lpp,0.0,-0.0
O16AP1pp,-0.0,-0.0
O16AP2pp,-0.0,-0.0
O16AP3pp,0.0,-0.0
O16AT,-0.0,-0.0
O16AUNDtpp,-0.0,-0.0
O16GALFT,-0.0,-0.0
O16GLCT1,0.0,-0.0
O16GLCT2,-0.0,-0.0
O2Stex,-0.0,-0.0
O2tex,8.95901775461122,3.4140926123984894
O2tpp,8.95901775461122,3.4140926123984894
OAADC,0.0,0.0
OBTFL,0.0,0.0
OCBT,0.04604196500840545,0.046041964712613445
OCDCAtexi,0.0,-0.0
OCDCEAtexi,0.0,-0.0
OCTAtex,-0.0,-0.0
OCTDPS,3.4711412738932814e-05,3.471141251593281e-05
OCTNLL,0.0,-0.0
OGMEACPD,3.1131311873482346e-07,3.113131167348234e-07
OGMEACPR,3.1131311873482346e-07,3.113131167348234e-07
OGMEACPS,3.1131311873482346e-07,3.113131167348234e-07
OHPBAT,3.4711412738932814e-05,3.471141251593281e-05
OHPHM,-0.0,-0.0
OMBZLM,-0.0,-0.0
OMCDC,0.07012810534835937,0.07012810489782836
OMMBLHX,0.0,0.0
OMMBLHX3,0.0,0.0
OMPDC,0.05149041155594296,0.051490411225147956
OMPHHX,0.0,0.0
OMPHHX3,0.0,0.0
OP4ENH,0.0,-0.0
OPHBDC,3.4711412738932814e-05,3.471141251593281e-05
OPHHX,3.4711412738932814e-05,3.471141251593281e-05
OPHHX3,0.0,0.0
OPMEACPD,3.1131311873482346e-07,3.113131167348234e-07
OPMEACPR,3.1131311873482346e-07,3.113131167348234e-07
OPMEACPS,3.1131311873482346e-07,3.113131167348234e-07
ORNDC,-0.0,0.0
ORNabcpp,0.0,0.0
ORNtex,-0.0,-0.0
OROTt2_2pp,0.0,-0.0
OROTtex,-0.0,-0.0
ORPT,-0.05149041155594296,-0.051490411225147956
OXAMTC,-0.0,-0.0
OXCDC,0.0,0.0
OXCOAHDH,-0.0,-0.0
OXDHCOAT,-0.0,-0.0
P5CD,0.0,0.0
P5CR,0.0344086607309632,0.0344086605099082
PA120abcpp,-0.0,-0.0
PA140abcpp,-0.0,0.0
PA141abcpp,-0.0,-0.0
PA160abcpp,0.0,0.0
PA161abcpp,0.0,0.0
PA180abcpp,0.0,-0.0
PA181abcpp,0.0,-0.0
PACALDt2rpp,-0.0,-0.0
PACALDtex,-0.0,-0.0
PACCOAE,-0.0,-0.0
PACCOAL,0.0,-0.0
PANTS,8.965817819550637e-05,8.965817761963368e-05
PAPA120,-0.0,-0.0
PAPA120pp,0.0,0.0
PAPA140,0.0,-0.0
PAPA140pp,0.0,-0.0
PAPA141,-0.0,-0.0
PAPA141pp,0.0,0.0
PAPA160,-0.0,0.0
PAPA160pp,-0.0,-0.0
PAPA161,0.0,0.0
PAPA161pp,-0.0,-0.0
PAPA180,-0.0,-0.0
PAPA180pp,0.0,0.0
PAPA181,-0.0,-0.0
PAPA181pp,-0.0,0.0
PAPPT3,0.004325384471701637,0.004325384443913637
PAPSR,0.03858290268351895,0.03858290243564707
PAPSR2,0.0,-0.0
PDE1,0.0,0.0
PDE4,0.0,0.0
PDH,0.0,1.5686107221312229
PDX5PO2,0.0,3.471141251593281e-05
PDX5POi,3.4711412738932814e-05,0.0
PDX5PS,3.4711412738932814e-05,3.471141251593281e-05
PDXPP,-0.0,-0.0
PE120abcpp,-0.0,-0.0
PE140abcpp,-0.0,-0.0
PE141abcpp,-0.0,-0.0
PE160abcpp,0.0071517962766950985,0.007151796230749099
PE161abcpp,0.0032781271402776905,0.0032781271192176904
PE180abcpp,-0.0,-0.0
PE181abcpp,-0.0,-0.0
PEAMNOpp,0.0,-0.0
PEAMNtex,-0.0,-0.0
PERD,3.4711412738932814e-05,3.471141251593281e-05
PETNT161pp,0.0,0.0
PETNT181pp,0.0,0.0
PFK,0.0,0.9472764526238453
PFK_2,-0.0,-0.0
PFK_3,1.8064304553680266,0.14900731780657162
PFL,0.0,0.0
PG120abcpp,-0.0,-0.0
PG140abcpp,-0.0,-0.0
PG141abcpp,-0.0,-0.0
PG160abcpp,-0.0,-0.0
PG161abcpp,-0.0,-0.0
PG180abcpp,-0.0,-0.0
PG181abcpp,-0.0,-0.0
PGAMT,-0.014707676981508,-0.014707676887019999
PGCD,1.3396166648401526,0.26744481803153175
PGI,-0.0,1.1803356809380368
PGK,-3.5091963921298093,-2.884628941059697
PGL,0.0,0.5391748387002986
PGLYCP,0.0,-0.0
PGM,-2.1695797272896566,-2.6171841230281654
PGMT,-0.0,-0.0
PGP120abcpp,0.0,0.0
PGP140abcpp,0.0,0.0
PGP141abcpp,0.0,0.0
PGP160abcpp,0.0,0.0
PGP161abcpp,0.0,0.0
PGP180abcpp,0.0,0.0
PGP181abcpp,0.0,0.0
PGPP120,0.0,0.0
PGPP120pp,-0.0,-0.0
PGPP140,0.0,0.0
PGPP140pp,-0.0,-0.0
PGPP141,0.0,0.0
PGPP141pp,-0.0,-0.0
PGPP160,0.0,0.0
PGPP160pp,-0.0,-0.0
PGPP161,0.0,0.0
PGPP161pp,-0.0,-0.0
PGPP180,-0.0,0.0
PGPP180pp,-0.0,-0.0
PGPP181,0.0,0.0
PGPP181pp,-0.0,-0.0
PGSA120,-0.0,-0.0
PGSA140,-0.0,-0.0
PGSA141,-0.0,-0.0
PGSA160,-0.0,-0.0
PGSA161,-0.0,-0.0
PGSA180,-0.0,-0.0
PGSA181,-0.0,-0.0
PHEMEabcpp,0.0,0.0
PHEMEtiex,-0.0,-0.0
PHETA1,-0.028837712471203536,-0.02883771228593853
PHETRS,0.0,0.0
PHEt2rpp,-0.0,-0.0
PHEtex,-0.0,-0.0
PHYTSpp,0.0,-0.0
PIt2rpp,0.1501511425192992,0.15015114155451703
PItex,0.1501511425192992,0.15015114155451703
PIuabcpp,0.0,0.0
PLIPA1A120pp,-0.0,-0.0
PLIPA1A140pp,-0.0,-0.0
PLIPA1A141pp,-0.0,-0.0
PLIPA1A160pp,-0.0,-0.0
PLIPA1A161pp,-0.0,-0.0
PLIPA1A180pp,-0.0,-0.0
PLIPA1A181pp,-0.0,-0.0
PLIPA1E120pp,-0.0,-0.0
PLIPA1E140pp,-0.0,-0.0
PLIPA1E141pp,-0.0,-0.0
PLIPA1E160pp,-0.0,-0.0
PLIPA1E161pp,-0.0,-0.0
PLIPA1E180pp,-0.0,-0.0
PLIPA1E181pp,-0.0,-0.0
PLIPA1G120pp,-0.0,-0.0
PLIPA1G140pp,-0.0,-0.0
PLIPA1G141pp,-0.0,-0.0
PLIPA1G160pp,-0.0,-0.0
PLIPA1G161pp,-0.0,-0.0
PLIPA1G180pp,-0.0,-0.0
PLIPA1G181pp,-0.0,-0.0
PLIPA2A120pp,0.0,0.0
PLIPA2A140pp,0.0,0.0
PLIPA2A141pp,-0.0,0.0
PLIPA2A160pp,0.0,0.0
PLIPA2A161pp,0.0,0.0
PLIPA2A180pp,0.0,-0.0
PLIPA2A181pp,-0.0,-0.0
PLIPA2E120pp,0.0,0.0
PLIPA2E140pp,0.0,0.0
PLIPA2E141pp,-0.0,0.0
PLIPA2E160pp,0.0,0.0
PLIPA2E161pp,0.0,0.0
PLIPA2E180pp,0.0,0.0
PLIPA2E181pp,-0.0,-0.0
PLIPA2G120pp,0.0,0.0
PLIPA2G140pp,0.0,0.0
PLIPA2G141pp,-0.0,0.0
PLIPA2G160pp,0.0,-0.0
PLIPA2G161pp,-0.0,-0.0
PLIPA2G180pp,0.0,-0.0
PLIPA2G181pp,0.0,-0.0
PMANM,-0.0,-0.0
PMDPHT,6.942282547785201e-05,6.942282503186371e-05
PMEACPE,3.1131311873482346e-07,3.113131167348234e-07
PMPK,3.4711412738932814e-05,3.471141251593281e-05
PNTK,8.965817819550637e-05,8.965817761963368e-05
PNTOt4pp,0.0,-0.0
PNTOtex,-0.0,-0.0
POAACR,0.0,0.0
POR5,0.016928429114002864,0.016928429005247856
POX,2.6623211975587258,0.0
PPA,0.0,0.0
PPA2,0.0,0.0
PPAKr,-0.0,-0.0
PPALtex,-0.0,-0.0
PPALtpp,-0.0,-0.0
PPAt4pp,0.0,-0.0
PPAtex,-0.0,-0.0
PPBNGS,0.0002776913019114625,0.0002776913001274625
PPC,0.0,0.4606434812570671
PPCDC,8.965817819550637e-05,8.965817761963368e-05
PPCK,0.0,0.0
PPCSCT,0.0,0.0
PPGPPDP,-0.0,-0.0
PPK2,-0.0,-0.0
PPK,-0.5453564535211993,-0.5453564500173635
PPM,-1000.0,-0.00010475686378126808
PPM2,-0.0,-0.0
PPNCL2,8.965817819550637e-05,8.965817761963368e-05
PPND,0.02149912832326754,0.021499128185148538
PPNDH,0.028837712471203536,0.02883771228593853
PPPGO,3.4711412738932814e-05,0.0
PPPGO3,0.0,3.471141251593281e-05
PPPNDO,0.0,-0.0
PPPNt2rpp,-0.0,-0.0
PPPNtex,-0.0,-0.0
PPS,0.0,0.0
PPTHpp,0.0,-0.0
PPTtex,-0.0,-0.0
PRAGSr,0.06977118485802046,0.06977118440949193
PRAIS,0.06977118485802046,0.06977118440949193
PRAIi,0.008847985804121784,0.008847985747278783
PRAMPC,0.014746591121349852,0.014746591026611851
PRASCSi,0.06973647344528153,0.069736472996976
PRATPP,0.014746591121349852,0.014746591026611851
PRFGS,0.06977118485802046,0.06977118440949193
PRMICI,0.014746591121349852,0.014746591026611851
PROD2,0.0,0.0
PROGLYabcpp,0.0,-0.0
PROGLYtex,-0.0,-0.0
PROTRS,0.0,0.0
PROabcpp,0.0,0.0
PROt2rpp,-0.0,-0.0
PROt4pp,0.0,-0.0
PROtex,-0.0,-0.0
PRPPS,-999.854684484154,0.14521075804849157
PSCLYSt2pp,0.0,-0.0
PSCLYStex,-0.0,-0.0
PSCVT,0.0593236722495486,0.05932367186842958
PSD120,-0.0,-0.0
PSD140,-0.0,-0.0
PSD141,-0.0,-0.0
PSD160,0.00993306767947201,0.009933067615658011
PSD161,0.011707552456260505,0.011707552381046505
PSD180,-0.0,-0.0
PSD181,-0.0,-0.0
PSERT,1.3396166648401526,0.26744481803153175
PSERtex,-0.0,-0.0
PSP_L,1.3396166648401526,0.26744481803153175
PSP_Lpp,0.0,-0.0
PSSA120,-0.0,-0.0
PSSA140,-0.0,-0.0
PSSA141,-0.0,-0.0
PSSA160,0.00993306767947201,0.009933067615658011
PSSA161,0.011707552456260505,0.011707552381046505
PSSA180,-0.0,-0.0
PSSA181,0.0,0.0
PTA2,-0.0,-0.0
PTAr,-2.787411634019718,-0.0
PTHRpp,0.0,-0.0
PTPATi,8.965817819550637e-05,8.965817761963368e-05
PTRCORNt7pp,-0.0,-0.0
PTRCTA,-0.0,-0.0
PTRCabcpp,0.0,0.0
PTRCt2pp,-0.0,-0.0
PTRCtex,-0.0,-0.0
PUNP1,-0.00010475686440258869,-0.00010475686378126808
PUNP2,-0.0,-0.0
PUNP3,-0.0,-0.0
PUNP4,-0.0,-0.0
PUNP5,-0.0,-0.0
PUNP6,-0.0,-0.0
PUNP7,-0.0,-0.0
PYAM5PO,0.0,-0.0
PYDAMK,0.0,0.0
PYDAMtex,-0.0,-0.0
PYDAMtpp,0.0,-0.0
PYDXK,0.0,0.0
PYDXNK,0.0,0.0
PYDXNtex,-0.0,-0.0
PYDXNtpp,0.0,-0.0
PYDXPP,-0.0,-0.0
PYDXtex,-0.0,-0.0
PYDXtpp,0.0,-0.0
PYK,2.040550090280753,0.0
PYNP2r,-0.0,-0.0
PYROX,-0.0,-0.0
PYRt2rpp,-0.0,-0.0
PYRtex,-0.0,-0.0
QMO2,0.0,0.0
QMO3,0.0,0.0
QUIN2tex,-0.0,-0.0
QUIN2tpp,-0.0,-0.0
QUINDH,-0.0,-0.0
QULNS,0.0003545856422390026,0.00035458563996104697
R15BPK,999.9998952431356,-0.0
R1PK,999.9998952431356,0.0
R5PP,0.0,0.0
R5PPpp,-0.0,-0.0
R5Ptex,-0.0,-0.0
RBFK,3.47114127389192e-05,3.4711412515930906e-05
RBFSa,0.00013884565095570402,0.00013884565006372742
RBFSb,6.942282547785201e-05,6.942282503186371e-05
RBK,-0.0,0.0
RBK_L1,0.0,-0.0
RBP4E,-0.0,-0.0
REPHACCOAI,-0.0,-0.0
RFAMPtex,-0.0,-0.0
RFAMPtpp,0.0,0.0
RHAT1,-0.0,-0.0
RHCCE,6.973413859660046e-05,6.973413814860045e-05
RIBabcpp,0.0,-0.0
RIBtex,-0.0,-0.0
RMI,-0.0,-0.0
RMK,0.0,0.0
RMNtex,-0.0,-0.0
RMNtpp,-0.0,-0.0
RMPA,-0.0,-0.0
RNDR1,0.0,0.0
RNDR1b,0.0,0.0
RNDR2,0.0,0.0
RNDR2b,0.0,0.0
RNDR3,0.0,0.0
RNDR3b,0.0,0.0
RNDR4,0.0,0.0
RNDR4b,0.0,0.0
RNTR1c2,0.004072909532407695,0.004072909506241695
RNTR2c2,0.004205373264429362,0.0042053732374123624
RNTR3c2,0.004205373264429362,0.0042053732374123624
RNTR4c2,0.004072909532407695,0.004072909506241694
RPE,-0.12079364091088426,0.23865625233219773
RPI,-0.11459788722174835,-0.29432283271884446
RZ5PP,-0.0,-0.0
S2FE2SR,3.113131187348234e-07,0.0
S2FE2SS,4.4517775979079855e-05,-0.0
S2FE2SS2,4.047070543552714e-05,-0.0
S2FE2ST,4.358383662287528e-06,0.0
S4FE4SR,4.047070543552715e-05,-0.0
S4FE4ST,4.047070543552715e-05,-0.0
S7PI,-0.0,-0.0
SADH,-0.0,-0.0
SADT2,0.03858290268351895,0.03858290243564707
SARCOX,0.0,-0.0
SBTPD,-0.0,-0.0
SBTptspp,0.0,-0.0
SBTtex,-0.0,-0.0
SCYSDS,0.00017028827594794873,0.0
SDPDS,0.05774064504078201,0.05774064466983301
SDPTA,-0.05774064504078201,-0.05774064466983301
SELCYSS,0.0,0.0
SELGTHR,-0.0,-0.0
SELGTHR2,0.0,0.0
SELGTHR3,-0.0,-0.0
SELNPS,0.0,0.0
SELR,-0.0,-0.0
SELtex,-0.0,-0.0
SELtpp,-0.0,-0.0
SEPHCHCS,-0.0,-0.0
SERASr,-0.0,-0.0
SERAT,0.03858290268351895,0.03858290243564707
SERD_D,0.0,0.0
SERD_L,0.0,0.0
SERTRS,0.0,0.0
SERTRS2,0.0,0.0
SERt2rpp,-0.0,-0.0
SERt4pp,0.0,-0.0
SERtex,-0.0,-0.0
SFGTHi,0.0,0.0
SGDS,-0.0,-0.0
SGSAD,0.0,0.0
SHCHCS3,-0.0,-0.0
SHCHD2,3.4711412738932814e-05,3.471141251593281e-05
SHCHF,3.4711412738932814e-05,3.471141251593281e-05
SHK3Dr,0.0593236722495486,0.05932367186842958
SHKK,0.0593236722495486,0.05932367186842958
SHSL1,0.023957256708797704,0.023957256554886702
SKMt2pp,0.0,-0.0
SKMtex,-0.0,-0.0
SLNTtex,-0.0,-0.0
SLNTtpp,0.0,-0.0
SO2tex,-0.0,-0.0
SO2tpp,-0.0,-0.0
SO3tex,-0.0,-0.0
SO4t2pp,0.03925814083805478,0.039258140585844904
SO4tex,0.03925814083805478,0.039258140585844904
SOTA,-0.0,-0.0
SPMDAT1,0.0,0.0
SPMDAT2,0.0,0.0
SPMDabcpp,0.0,0.0
SPMDt3pp,0.0,0.0
SPMDtex,-0.0,-0.0
SPMS,-0.0,-0.0
SPODM,0.0,0.0
SPODMpp,0.0,-0.0
SSALx,0.0,0.0
SSALy,-0.0,-0.0
SUCASPtpp,0.0,0.0
SUCBZL,-0.0,-0.0
SUCBZS,-0.0,-0.0
SUCCt2_2pp,0.0,-0.0
SUCCt2_3pp,0.0,0.0
SUCCt3pp,-0.0,0.0
SUCCtex,-0.0,-0.0
SUCDi,0.4606434842163764,0.8176702500238668
SUCFUMtpp,0.0,0.0
SUCMALtpp,0.0,0.0
SUCOAS,0.08169790174957972,-0.7358682145615993
SUCRtex,-0.0,-0.0
SUCTARTtpp,0.0,-0.0
SUCptspp,0.0,-0.0
SULFACabcpp,-0.0,-0.0
SULFACtex,-0.0,-0.0
SULR,0.03858290268351895,0.03858290243564707
SULabcpp,0.0,0.0
T2DECAI,-0.0,-0.0
TAGURr,-0.0,-0.0
TALA,-1.8371480839923244,-0.0
TARTD,0.0,-0.0
TARTRDtex,-0.0,-0.0
TARTRt7pp,-0.0,-0.0
TARTRtex,-0.0,-0.0
TARTt2_3pp,0.0,0.0
TAUDO,-0.0,-0.0
TAURabcpp,-0.0,-0.0
TAURtex,-0.0,-0.0
TCYNTtex,-0.0,-0.0
TDP,0.0,0.0
TDPADGAT,-0.0,-0.0
TDPAGTA,-0.0,-0.0
TDPDRE,-0.0,-0.0
TDPDRR,-0.0,-0.0
TDPGDH,-0.0,-0.0
TDSK,0.0030284540190523624,0.0030284539995963622
TDSR1,0.0,-0.0
TDSR2,0.0,0.0
TGBPA,-0.0,-0.0
THD2pp,0.0,0.0
THDPS,0.05774064504078201,0.05774064466983301
THFAT,0.0,0.0
THIORDXi,0.0,0.0
THMDt2pp_copy1,1000.0,0.0
THMDt2pp_copy2,-1000.0,-0.0
THMDtex,-0.0,-0.0
THMabcpp,0.0,-0.0
THMtex,-0.0,-0.0
THRA2,0.0,0.0
THRA,0.0,0.0
THRD,0.0,0.0
THRD_L,0.04522274453645475,0.045222744245925754
THRPtex,-0.0,-0.0
THRS,0.08471079011269533,0.08471078956847933
THRTRS,0.0,0.0
THRabcpp,0.0,0.0
THRt2pp,0.0,0.0
THRt2rpp,-0.0,-0.0
THRt4pp,0.0,-0.0
THRtex,-0.0,-0.0
THYMt3pp,0.0,0.0
THYMtex,-0.0,-0.0
THZPSN3,3.4711412738932814e-05,3.471141251593281e-05
TKT1,-0.030717628624297832,0.14900731780657162
TKT2,-0.09007601228658643,0.0896489345256261
TMAOR1,-0.0,-0.0
TMAOR1pp,0.0,0.0
TMAOR2,0.0,0.0
TMAOR2pp,0.0,0.0
TMAOtex,-0.0,-0.0
TMAtex,-0.0,-0.0
TMDK1,-0.0,-0.0
TMDPP,-0.0,-0.0
TMDS,0.004072909532407695,0.004072909506241695
TMK,-0.0,-0.0
TMPK,3.4711412738932814e-05,3.471141251593281e-05
TMPPP,3.4711412738932814e-05,3.471141251593281e-05
TPI,1.784435249590055,1.3822890507465488
TPRDCOAS,0.0,0.0
TRDR,0.03858290268351895,0.03858290243564707
TRE6PH,0.0,0.0
TRE6PP,0.0,0.0
TRE6PS,-0.0,-0.0
TREH,-0.0,-0.0
TREHpp,0.0,0.0
TREptspp,0.0,-0.0
TREtex,-0.0,-0.0
TRPAS2,-0.008847985804121784,-0.008847985747278783
TRPS1,0.0,0.0
TRPS2,0.0,0.0
TRPS3,0.008847985804121784,0.008847985747278783
TRPTRS,0.0,0.0
TRPt2rpp,-0.0,-0.0
TRPtex,-0.0,-0.0
TRSARr,-0.0,-0.0
TSULabcpp,0.0,-0.0
TSULtex,-0.0,-0.0
TTDCAtexi,0.0,-0.0
TTDCEAtexi,0.0,-0.0
TTRCYCtex,-0.0,-0.0
TTRCYCtpp,0.0,0.0
TUNGSabcpp,0.0,0.0
TUNGStex,-0.0,-0.0
TYMtex,-0.0,-0.0
TYRL,3.4711412738932814e-05,3.471141251593281e-05
TYROXDApp,-0.0,-0.0
TYRPpp,0.0,-0.0
TYRPtex,-0.0,-0.0
TYRTA,-0.02149912832326754,-0.021499128185148538
TYRTRS,0.0,0.0
TYRt2rpp,-0.0,-0.0
TYRtex,-0.0,-0.0
ThDPAT,0.0,0.0
U23GAAT,0.006056908038104725,0.006056907999192725
UAAGDS,0.004325384471701637,0.004325384443913637
UACGALPpp,-0.0,-0.0
UACGAMPpp,-0.0,-0.0
UACGAMtex,-0.0,-0.0
UACMAMO,0.0,0.0
UAG2E,-0.0,-0.0
UAGAAT,0.006056908038104725,0.006056907999192725
UAGCVT,0.004325384471701637,0.004325384443913637
UAGDP,0.014707676981508,0.014707676887019999
UAGPT3,0.004325384471701637,0.004325384443913637
UAMAGS,0.004325384471701637,0.004325384443913637
UAMAS,0.004325384471701637,0.004325384443913637
UAPGR,0.004325384471701637,0.004325384443913637
UDCPDP,0.004325384471701637,0.004325384443913637
UDCPDPS,8.56111076520801e-06,8.561110710207306e-06
UDCPDPpp,-0.0,-0.0
UDCPPtppi,-0.0,-0.0
UDPACGALtex,-0.0,-0.0
UDPG4E,-0.0,-0.0
UDPGALM,0.0,0.0
UDPGALPpp,-0.0,-0.0
UDPGALtex,-0.0,-0.0
UDPGD,-0.0,-0.0
UDPGDC,-0.0,-0.0
UDPGLCURtex,-0.0,-0.0
UDPGPpp,-0.0,-0.0
UDPGtex,-0.0,-0.0
UDPKAAT,-0.0,-0.0
UGLCURPpp,-0.0,-0.0
UGLT,-0.0,-0.0
UGLYCH,0.0,-0.0
UGMDDS,0.004325384471701637,0.004325384443913637
UHGADA,0.006056908038104725,0.006056907999192725
ULA4NFT,-0.0,-0.0
ULA4Ntppi,-0.0,-0.0
UM3PL,-0.0,-0.0
UM4PCP,-0.0,-0.0
UM4PL,0.0,-0.0
UMPK,0.05884425004669696,0.058844249668657964
UMPtex,-0.0,-0.0
UPLA4FNF,-0.0,-0.0
UPLA4FNT,0.0,0.0
UPP3MT,3.4711412738932814e-05,3.471141251593281e-05
UPP3S,6.942282547786563e-05,6.942282503186562e-05
UPPDC1,3.4711412738932814e-05,3.471141251593281e-05
UPPRT,0.0,0.0
URACPAH,-0.0,-0.0
URAt2pp_copy1,0.0,0.0
URAt2pp_copy2,-0.0,-0.0
URAtex,-0.0,-0.0
URDGLYCD,-0.0,0.0
UREAtex,-0.0,-0.0
UREAtpp,-0.0,-0.0
URIC,-0.0,-0.0
URIH,0.0,0.0
URIK2,0.0,-0.0
URIt2pp_copy1,1000.0,0.0
URIt2pp_copy2,-1000.0,-0.0
URItex,-0.0,-0.0
USHD,0.0030284540190523624,0.0030284539995963622
VALTA,-1000.0,-0.06586794055187067
VALTRS,0.0,0.0
VALabcpp,0.0,0.0
VALt2rpp,-0.0,-0.0
VALtex,-0.0,-0.0
VPAMTr,-999.9341320590249,-0.0
WCOS,0.0,0.0
X5PL3E,0.0,-0.0
XAND,0.0,0.0
XANt2pp,0.0,0.0
XANtex,-0.0,-0.0
XANtpp,-0.0,-0.0
XMPtex,-0.0,-0.0
XPPT,0.0,-0.0
XTSNH,0.0,-0.0
XTSNt2rpp,-0.0,-0.0
XTSNtex,-0.0,-0.0
XYLI1,-0.0,-0.0
XYLI2,1.9419317732604195,-0.0
XYLK,0.0,-0.0
XYLK2,0.0,-0.0
XYLUt2pp,0.0,0.0
XYLUtex,-0.0,-0.0
XYLabcpp,0.0,0.0
XYLt2pp,0.0,0.0
XYLtex,-0.0,-0.0
ZN2abcpp,0.0,0.0
ZN2t3pp,0.0,0.0
ZN2tpp,0.0,5.3078886403287395e-05
ZNabcpp,5.3078886744287396e-05,0.0
Zn2tex,5.3078886744287396e-05,5.3078886403287395e-05
