gene_id,gene_name,stratum,glpk_status,highs_status,b_lex_glpk,b_lex_highs,b_deposited,kV_deposited,kV_lex_glpk_vs_wt,kV_lex_highs_vs_wt,kV_lex_cross_engine,t_glpk_s,t_highs_s
b0870,ltaE,anchor,ok,ok,0.07967742927404535,0.07967742927403701,0.0796774292740444,200.00689774512293,1.0204063052253734e-07,1.017114213277027e-07,4.547826368037814e-11,1.4629032611846924,0.7776386737823486
b1479,maeA,floor_sample,ok,ok,0.07967790708033733,0.07967790708033622,0.0796779070803375,200.0135992078732,3.4528506337597507e-12,0.0,4.547884751565484e-11,1.339294195175171,0.8124632835388184
b0963,mgsA,floor_sample,ok,ok,0.07967790708031658,0.07967790708033531,0.0796779070803146,200.0120469572448,3.452873761583869e-12,0.0,4.547819004868947e-11,1.4719445705413818,0.8233215808868408
b3952,pflC,floor_sample,ok,ok,0.0796779708835016,0.07967790708033622,0.0796779708835007,200.01176433439147,0.0,0.0,5.858600029869067e-11,1.499441146850586,0.8069286346435547
b0902,pflA,floor_sample,ok,ok,0.07967797088350381,0.07967790708033622,0.0796779708835037,200.01149410595644,0.0,0.0,5.858298802712438e-11,1.358109712600708,0.7970085144042969
b2234,nrdA,floor_sample,ok,ok,0.07967790708033733,0.07967790708033622,0.0796779070803351,200.01359920787348,3.4527762959386656e-12,0.0,4.548082981094274e-11,1.4724376201629639,0.80548095703125
b1109,ndh,floor_sample,ok,ok,0.07967790708034189,0.07967790708033638,0.0796779070803417,200.01359920787328,3.4528079763150202e-12,0.0,4.548008221842848e-11,1.4930331707000732,0.7975234985351562
b2797,sdaB,floor_sample,ok,ok,0.0796779708835111,0.07967790708033622,0.0796779070803391,200.012046957245,0.0,0.0,5.8580976474494e-11,1.5352437496185303,0.8226437568664551
b0759,galE,floor_sample,ok,ok,0.07967797088349408,0.07967790708033622,0.0796779708834938,200.01149410595644,0.0,0.0,5.858157504253826e-11,1.462946891784668,0.7976627349853516
b2091,gatD,floor_sample,ok,ok,0.07967790708034476,0.07967790708033622,0.0796779070803458,200.01149423367923,3.4528790594977924e-12,0.0,4.547792042351793e-11,1.4776933193206787,0.7885181903839111
b0894,dmsA,floor_sample,ok,ok,0.07967790708033988,0.07967790708033622,0.0796779070803412,200.0135992078733,3.452847287320948e-12,0.0,4.5478738579487585e-11,1.4565479755401611,0.7741794586181641
b1398,paaK,floor_sample,ok,ok,0.07967790708034189,0.07967790708033622,0.0796779070803417,200.01359920787328,3.4528079763150202e-12,0.0,4.548009874415872e-11,1.4857373237609863,0.773761510848999
b3052,rfaE,floor_sample,ok,ok,0.07967790708035763,0.07967790708034045,0.0796779070803565,200.01204695724488,3.452851060640443e-12,0.0,4.547841703435323e-11,1.4995100498199463,0.8020238876342773
b1694,ydiF,floor_sample,ok,ok,0.07967790708033183,0.07967790708033622,0.0796779070802931,200.012046957245,3.452826187261246e-12,0.0,4.54793633897186e-11,1.4741606712341309,0.7916839122772217
b2040,rfbD,floor_sample,ok,ok,0.07967790708033748,0.07967790708033977,0.0796779070803394,200.01359920787328,3.452898048169433e-12,0.0,4.5477096712036385e-11,1.4555530548095703,0.7640082836151123
b3617,kbl,floor_sample,ok,ok,0.07967790708032595,0.07967790708033622,0.0796779070803483,200.01204695724488,3.4528377053855564e-12,0.0,4.54791006637917e-11,1.346022605895996,0.8134829998016357
b4197,ulaE,floor_sample,ok,ok,0.07967797088350466,0.07967790708033622,0.0796779708835041,200.01359898780785,0.0,0.0,5.858223231115271e-11,1.4387774467468262,0.7913596630096436
b0403,malZ,floor_sample,ok,ok,0.07967790708032642,0.07967790708033622,0.0796779070803264,200.0135992078732,3.4528480877218806e-12,0.0,4.5478794336142816e-11,1.43864107131958,0.7821283340454102
b1200,dhaK,topkV,ok,ok,0.0796779070803402,0.07967790708033681,0.0796779070803421,621.1983566122085,427.18376767004213,427.18372507919713,4.547727786415898e-11,1.4667770862579346,0.7973015308380127
b1199,dhaL,topkV,ok,ok,0.0796779070803402,0.07967790708033681,0.0796779070803421,621.1983566122085,427.18376767004213,427.18372507919713,4.547727786415898e-11,1.4733781814575195,0.798487663269043
b1198,dhaM,topkV,ok,ok,0.0796779070803402,0.07967790708033681,0.0796779070803421,621.1983566122085,427.18376767004213,427.18372507919713,4.547727786415898e-11,1.4578208923339844,0.9523022174835205
b3946,fsaB,topkV,ok,ok,0.07967797088350792,0.07967790708033742,0.0796779070803465,621.1983566123577,427.18380933104453,427.1837250788603,5.982749736343581e-11,1.5759458541870117,0.7873032093048096
b0825,fsaA,topkV,ok,ok,0.07967797088350792,0.07967790708033742,0.0796779708835086,624.8291338011345,427.18380933104453,427.1837250788603,5.982749736343581e-11,1.4947230815887451,0.7884252071380615
b2802,fucI,floor_sample,ok,ok,0.07967790708033892,0.07967790708033622,0.0796779070803394,200.0112673232852,3.4528246322015932e-12,0.0,4.547962671456996e-11,1.4673454761505127,0.796710729598999
b2388,glk,floor_sample,ok,ok,0.07967790708034189,0.07967790708033638,0.0796779070803557,200.0114942336793,3.4528079763150202e-12,0.0,4.5480316811490944e-11,1.4387753009796143,0.7860207557678223
b0368,tauD,floor_sample,ok,ok,0.07967790708033753,0.07967790708033622,0.0796779070803379,200.0135992078733,3.452890531972809e-12,0.0,4.547761024289396e-11,1.4418141841888428,0.7651638984680176
b2065,dcd,floor_sample,ok,ok,0.07967790708034189,0.07967790708033622,0.0796779070803275,200.0117644755732,3.4528079763150202e-12,0.0,4.5479916934474085e-11,1.3399107456207275,0.8241162300109863
b4173,hflX,floor_sample,ok,ok,0.07967790708034189,0.07967790708033681,0.0796779070803417,200.01359920787328,3.4528079763150202e-12,0.0,4.5479902323537986e-11,1.4441730976104736,0.8073365688323975
b4161,rsgA,floor_sample,ok,ok,0.07967790708034189,0.07967790708033622,0.0796779070803417,200.01359920787328,3.4528079763150202e-12,0.0,4.5479884228119067e-11,1.4412813186645508,0.7924332618713379
b3787,wecC,floor_sample,ok,ok,0.07967790708033104,0.07967790708033624,0.0796779070803315,200.01359920787328,3.4528047366163497e-12,0.0,4.54799677773238e-11,1.736100673675537,0.7871687412261963
b0153,fhuB,floor_sample,ok,ok,0.07967790708033326,0.07967790708033623,0.0796779070803362,200.01359920787323,3.452781601400609e-12,0.0,4.5480879223121176e-11,1.5943872928619385,0.7827558517456055
b2663,gabP,floor_sample,ok,ok,0.07967790708032997,0.07967790708033622,0.07967790708033,200.0135992078732,3.4528346638670777e-12,0.0,4.547905572230496e-11,1.441603422164917,0.8084571361541748
b0974,hyaC,floor_sample,ok,ok,0.07967790708034106,0.07967790708033622,0.0796779070803417,200.0135992078732,3.452848461242348e-12,0.0,4.547871022081295e-11,1.4409492015838623,0.8084578514099121
b4036,lamB,anchor,ok,ok,0.07967797088350626,0.07967790708033622,0.0796779708835055,0.0135989878079237,200.0,200.0,5.858151298940757e-11,1.4385030269622803,0.7854444980621338
b3631,waaG,floor_sample,ok,ok,0.07967790708033942,0.07967790708033977,0.0796779070803388,200.0135992078733,3.4528413643569292e-12,0.0,4.547858144773827e-11,1.4599575996398926,0.7608509063720703
b1300,puuC,floor_sample,ok,ok,0.07967797088350557,0.07967790708033638,0.0796779708835107,200.01204717291589,0.0,0.0,5.858256740405728e-11,1.4435656070709229,0.8115804195404053
b1326,mpaA,floor_sample,ok,ok,0.07967790708032664,0.07967790708033626,0.0796779070803266,200.0135992078733,3.452851617109957e-12,0.0,4.5478547232954206e-11,1.43485689163208,0.7961075305938721
b4071,nrfB,floor_sample,ok,ok,0.07967790708033894,0.07967790708033622,0.0796779070803381,200.0135992078732,3.4528887329655004e-12,0.0,4.547746353524492e-11,1.326432704925537,0.809004545211792
b1192,ldcA,floor_sample,ok,ok,0.07967797088350435,0.07967790708033637,0.0796779708835043,200.0120471729159,0.0,0.0,5.858083960880938e-11,1.427391767501831,0.7912135124206543
b1245,oppC,floor_sample,ok,ok,0.07967797088350219,0.07967790708033679,0.079677970883502,200.01359898780785,0.0,0.0,5.858414875199643e-11,1.426220417022705,0.8020119667053223
b4367,fhuF,floor_sample,ok,ok,0.07967797088350664,0.07967790708033623,0.0796779708835081,200.0135989878078,0.0,0.0,5.858091568421672e-11,1.4393062591552734,0.8318729400634766
b4242,mgtA,floor_sample,ok,ok,0.07967790708034189,0.07967790708033681,0.0796779070803417,200.01359920787328,3.4528079763150202e-12,0.0,4.54802819315019e-11,1.464423418045044,0.8094863891601562
b3599,mtlA,floor_sample,ok,ok,0.07967790708034622,0.07967790708033622,0.0796779070803461,200.01359920787328,3.452894991378541e-12,0.0,4.547752539535181e-11,1.4151225090026855,0.7659754753112793
b2303,folX,floor_sample,ok,ok,0.07967790708034207,0.07967790708033622,0.0796779070803425,200.0135992078733,3.4528759036176423e-12,0.0,4.5478251031497415e-11,1.438951015472412,0.8153083324432373
b2034,wbbI,floor_sample,ok,ok,0.07967797088350186,0.07967790708033622,0.0796779708835017,200.0135989878077,0.0,0.0,5.858465563076665e-11,1.466139316558838,0.8230795860290527
b2484,hyfD,floor_sample,ok,ok,0.07967790708034189,0.07967790708033622,0.0796779070803417,200.01359920787328,3.4528079763150202e-12,0.0,4.548033842475137e-11,1.452568769454956,0.8190963268280029
b2150,mglB,floor_sample,ok,ok,0.07967790708034189,0.07967790708033647,0.0796779070803417,200.01359920787328,3.4528079763150202e-12,0.0,4.548007991106563e-11,1.4494714736938477,0.8073379993438721
b2919,scpB,control,ok,ok,0.07967797088350441,0.07967790708033622,0.0796779708835045,2.444435109038892e-12,0.0,0.0,5.85828671327564e-11,1.4357469081878662,0.8162837028503418
b1661,cfa,control,ok,ok,0.0796779708835039,0.07967790708033622,0.0796779070803347,0.0227498974018863,0.0,0.0,5.858320607034006e-11,1.327240228652954,0.8238067626953125
b1249,clsA,control,ok,ok,0.07967790708034322,0.0796779070803349,0.0796779070803435,0.0010334929068309,3.4528820552984e-12,0.0,4.547796883345128e-11,1.4127137660980225,0.8012480735778809
b0632,dacA,control,ok,ok,0.07967790708034622,0.07967790708033672,0.0796779070803462,0.0,3.4528572504134537e-12,0.0,4.547858732883658e-11,1.4469780921936035,0.8026208877563477
b4474,frlC,control,ok,ok,0.07967790708034765,0.07967790708033622,0.0796779070803484,0.0,3.452782554249809e-12,0.0,4.5480900692303046e-11,1.4360837936401367,0.7968893051147461
b4358,lgoD,control,ok,ok,0.07967790708033655,0.07967790708033622,0.0796779070803364,0.0,3.4528826803765537e-12,0.0,4.5477641301501416e-11,1.440812110900879,0.8135383129119873
b1285,gmr,control,ok,ok,0.07967790708033924,0.07967790708033622,0.079677907080339,0.0237736936049588,3.4528713298808535e-12,0.0,4.5478210219684516e-11,1.4279017448425293,0.7967960834503174
b1387,paaZ,control,ok,ok,0.07967790708034451,0.07967790708033622,0.0796779070803453,0.0,3.452905297571695e-12,0.0,4.547717499903468e-11,1.4416637420654297,0.7801263332366943
b1616,uidB,control,ok,ok,0.07967790708034438,0.07967790708033622,0.0796779070803431,0.0,3.452879013760389e-12,0.0,4.5478040584827873e-11,1.43467378616333,0.7708747386932373
b2796,sdaC,control,ok,ok,0.07967797088351389,0.07967790708033622,0.0796779708835142,2.4444762004454605e-12,0.0,0.0,5.858020888059757e-11,1.443699598312378,0.8039143085479736
